"","year","state","state_po","percDem","percRep","demVotes","repVotes","totalVotes","hover"
"1",1976,"ALABAMA","AL",56,43,659170,504070,1182850,"ALABAMA <br> Year: 1976 <br> Democratic: 56 %<br> Republican: 43 %"
"2",1976,"ALASKA","AK",36,58,44058,71555,123574,"ALASKA <br> Year: 1976 <br> Democratic: 36 %<br> Republican: 58 %"
"3",1976,"ARIZONA","AZ",40,56,295602,418642,742719,"ARIZONA <br> Year: 1976 <br> Democratic: 40 %<br> Republican: 56 %"
"4",1976,"ARKANSAS","AR",65,35,498604,267903,767535,"ARKANSAS <br> Year: 1976 <br> Democratic: 65 %<br> Republican: 35 %"
"5",1976,"CALIFORNIA","CA",48,50,3742284,3882244,7803770,"CALIFORNIA <br> Year: 1976 <br> Democratic: 48 %<br> Republican: 50 %"
"6",1976,"COLORADO","CO",43,54,460801,584278,1081440,"COLORADO <br> Year: 1976 <br> Democratic: 43 %<br> Republican: 54 %"
"7",1976,"CONNECTICUT","CT",47,52,647895,719261,1386355,"CONNECTICUT <br> Year: 1976 <br> Democratic: 47 %<br> Republican: 52 %"
"8",1976,"DELAWARE","DE",52,47,122461,109780,235642,"DELAWARE <br> Year: 1976 <br> Democratic: 52 %<br> Republican: 47 %"
"9",1976,"DISTRICT OF COLUMBIA","DC",82,17,137818,27873,168830,"DISTRICT OF COLUMBIA <br> Year: 1976 <br> Democratic: 82 %<br> Republican: 17 %"
"10",1976,"FLORIDA","FL",52,47,1636000,1469531,3150631,"FLORIDA <br> Year: 1976 <br> Democratic: 52 %<br> Republican: 47 %"
"11",1976,"GEORGIA","GA",67,33,979409,483743,1463152,"GEORGIA <br> Year: 1976 <br> Democratic: 67 %<br> Republican: 33 %"
"12",1976,"HAWAII","HI",51,48,147375,140003,291301,"HAWAII <br> Year: 1976 <br> Democratic: 51 %<br> Republican: 48 %"
"13",1976,"IDAHO","ID",37,60,126549,204151,340932,"IDAHO <br> Year: 1976 <br> Democratic: 37 %<br> Republican: 60 %"
"14",1976,"ILLINOIS","IL",48,50,2271295,2364269,4721282,"ILLINOIS <br> Year: 1976 <br> Democratic: 48 %<br> Republican: 50 %"
"15",1976,"INDIANA","IN",46,53,1014714,1183958,2220362,"INDIANA <br> Year: 1976 <br> Democratic: 46 %<br> Republican: 53 %"
"16",1976,"IOWA","IA",48,49,619931,632864,1279303,"IOWA <br> Year: 1976 <br> Democratic: 48 %<br> Republican: 49 %"
"17",1976,"KANSAS","KS",45,52,430421,502752,957845,"KANSAS <br> Year: 1976 <br> Democratic: 45 %<br> Republican: 52 %"
"18",1976,"KENTUCKY","KY",53,46,615717,531852,1167142,"KENTUCKY <br> Year: 1976 <br> Democratic: 53 %<br> Republican: 46 %"
"19",1976,"LOUISIANA","LA",52,46,661365,587446,1277383,"LOUISIANA <br> Year: 1976 <br> Democratic: 52 %<br> Republican: 46 %"
"20",1976,"MAINE","ME",48,49,232279,236320,482968,"MAINE <br> Year: 1976 <br> Democratic: 48 %<br> Republican: 49 %"
"21",1976,"MARYLAND","MD",53,47,759612,672661,1432273,"MARYLAND <br> Year: 1976 <br> Democratic: 53 %<br> Republican: 47 %"
"22",1976,"MASSACHUSETTS","MA",56,40,1429475,1030276,2547558,"MASSACHUSETTS <br> Year: 1976 <br> Democratic: 56 %<br> Republican: 40 %"
"23",1976,"MICHIGAN","MI",46,52,1696714,1893742,3651590,"MICHIGAN <br> Year: 1976 <br> Democratic: 46 %<br> Republican: 52 %"
"24",1976,"MINNESOTA","MN",55,42,1070440,819395,1949931,"MINNESOTA <br> Year: 1976 <br> Democratic: 55 %<br> Republican: 42 %"
"25",1976,"MISSISSIPPI","MS",50,48,381329,366846,768390,"MISSISSIPPI <br> Year: 1976 <br> Democratic: 50 %<br> Republican: 48 %"
"26",1976,"MISSOURI","MO",51,47,998387,927443,1953600,"MISSOURI <br> Year: 1976 <br> Democratic: 51 %<br> Republican: 47 %"
"27",1976,"MONTANA","MT",45,53,149259,173703,328734,"MONTANA <br> Year: 1976 <br> Democratic: 45 %<br> Republican: 53 %"
"28",1976,"NEBRASKA","NE",38,59,233293,359219,606749,"NEBRASKA <br> Year: 1976 <br> Democratic: 38 %<br> Republican: 59 %"
"29",1976,"NEVADA","NV",46,50,92479,101273,201876,"NEVADA <br> Year: 1976 <br> Democratic: 46 %<br> Republican: 50 %"
"30",1976,"NEW HAMPSHIRE","NH",43,55,147645,185935,339627,"NEW HAMPSHIRE <br> Year: 1976 <br> Democratic: 43 %<br> Republican: 55 %"
"31",1976,"NEW JERSEY","NJ",48,50,1444653,1509688,3014472,"NEW JERSEY <br> Year: 1976 <br> Democratic: 48 %<br> Republican: 50 %"
"32",1976,"NEW MEXICO","NM",48,51,201148,211419,416590,"NEW MEXICO <br> Year: 1976 <br> Democratic: 48 %<br> Republican: 51 %"
"33",1976,"NEW YORK","NY",49,42,3244165,2825913,6668262,"NEW YORK <br> Year: 1976 <br> Democratic: 49 %<br> Republican: 42 %"
"34",1976,"NORTH CAROLINA","NC",55,44,927365,741960,1677906,"NORTH CAROLINA <br> Year: 1976 <br> Democratic: 55 %<br> Republican: 44 %"
"35",1976,"NORTH DAKOTA","ND",46,52,136078,153684,297308,"NORTH DAKOTA <br> Year: 1976 <br> Democratic: 46 %<br> Republican: 52 %"
"36",1976,"OHIO","OH",49,49,2009959,2000626,4110456,"OHIO <br> Year: 1976 <br> Democratic: 49 %<br> Republican: 49 %"
"37",1976,"OKLAHOMA","OK",49,50,532442,545708,1092251,"OKLAHOMA <br> Year: 1976 <br> Democratic: 49 %<br> Republican: 50 %"
"38",1976,"OREGON","OR",48,48,490407,492120,1029876,"OREGON <br> Year: 1976 <br> Democratic: 48 %<br> Republican: 48 %"
"39",1976,"PENNSYLVANIA","PA",50,48,2328677,2205604,4620787,"PENNSYLVANIA <br> Year: 1976 <br> Democratic: 50 %<br> Republican: 48 %"
"40",1976,"RHODE ISLAND","RI",55,44,227636,181249,410584,"RHODE ISLAND <br> Year: 1976 <br> Democratic: 55 %<br> Republican: 44 %"
"41",1976,"SOUTH CAROLINA","SC",56,43,450807,346149,802583,"SOUTH CAROLINA <br> Year: 1976 <br> Democratic: 56 %<br> Republican: 43 %"
"42",1976,"SOUTH DAKOTA","SD",49,50,147068,151505,300678,"SOUTH DAKOTA <br> Year: 1976 <br> Democratic: 49 %<br> Republican: 50 %"
"43",1976,"TENNESSEE","TN",56,43,825879,633969,1476346,"TENNESSEE <br> Year: 1976 <br> Democratic: 56 %<br> Republican: 43 %"
"44",1976,"TEXAS","TX",51,48,2082319,1953300,4071884,"TEXAS <br> Year: 1976 <br> Democratic: 51 %<br> Republican: 48 %"
"45",1976,"UTAH","UT",34,62,182110,337908,541218,"UTAH <br> Year: 1976 <br> Democratic: 34 %<br> Republican: 62 %"
"46",1976,"VERMONT","VT",42,55,77798,100387,183902,"VERMONT <br> Year: 1976 <br> Democratic: 42 %<br> Republican: 55 %"
"47",1976,"VIRGINIA","VA",48,49,813896,836554,1697094,"VIRGINIA <br> Year: 1976 <br> Democratic: 48 %<br> Republican: 49 %"
"48",1976,"WASHINGTON","WA",46,50,717323,777732,1555534,"WASHINGTON <br> Year: 1976 <br> Democratic: 46 %<br> Republican: 50 %"
"49",1976,"WEST VIRGINIA","WV",58,42,435864,314726,750590,"WEST VIRGINIA <br> Year: 1976 <br> Democratic: 58 %<br> Republican: 42 %"
"50",1976,"WISCONSIN","WI",50,48,1040232,1004987,2101336,"WISCONSIN <br> Year: 1976 <br> Democratic: 50 %<br> Republican: 48 %"
"51",1976,"WYOMING","WY",40,59,62239,92717,156343,"WYOMING <br> Year: 1976 <br> Democratic: 40 %<br> Republican: 59 %"
"52",1980,"ALABAMA","AL",47,49,636730,654192,1341929,"ALABAMA <br> Year: 1980 <br> Democratic: 47 %<br> Republican: 49 %"
"53",1980,"ALASKA","AK",26,54,41842,86112,158445,"ALASKA <br> Year: 1980 <br> Democratic: 26 %<br> Republican: 54 %"
"54",1980,"ARIZONA","AZ",28,61,246843,529688,873945,"ARIZONA <br> Year: 1980 <br> Democratic: 28 %<br> Republican: 61 %"
"55",1980,"ARKANSAS","AR",48,48,398041,403164,837582,"ARKANSAS <br> Year: 1980 <br> Democratic: 48 %<br> Republican: 48 %"
"56",1980,"CALIFORNIA","CA",36,53,3082943,4522994,8582938,"CALIFORNIA <br> Year: 1980 <br> Democratic: 36 %<br> Republican: 53 %"
"57",1980,"COLORADO","CO",31,55,368009,652264,1184450,"COLORADO <br> Year: 1980 <br> Democratic: 31 %<br> Republican: 55 %"
"58",1980,"CONNECTICUT","CT",39,48,541732,677210,1406285,"CONNECTICUT <br> Year: 1980 <br> Democratic: 39 %<br> Republican: 48 %"
"59",1980,"DELAWARE","DE",45,47,105754,111252,235668,"DELAWARE <br> Year: 1980 <br> Democratic: 45 %<br> Republican: 47 %"
"60",1980,"DISTRICT OF COLUMBIA","DC",75,13,130231,23313,173889,"DISTRICT OF COLUMBIA <br> Year: 1980 <br> Democratic: 75 %<br> Republican: 13 %"
"61",1980,"FLORIDA","FL",39,56,1419475,2046951,3686927,"FLORIDA <br> Year: 1980 <br> Democratic: 39 %<br> Republican: 56 %"
"62",1980,"GEORGIA","GA",56,41,890955,654168,1596805,"GEORGIA <br> Year: 1980 <br> Democratic: 56 %<br> Republican: 41 %"
"63",1980,"HAWAII","HI",45,43,135879,130112,303287,"HAWAII <br> Year: 1980 <br> Democratic: 45 %<br> Republican: 43 %"
"64",1980,"IDAHO","ID",25,66,110192,290699,437431,"IDAHO <br> Year: 1980 <br> Democratic: 25 %<br> Republican: 66 %"
"65",1980,"ILLINOIS","IL",42,50,1981413,2358049,4749721,"ILLINOIS <br> Year: 1980 <br> Democratic: 42 %<br> Republican: 50 %"
"66",1980,"INDIANA","IN",38,56,844197,1255656,2242033,"INDIANA <br> Year: 1980 <br> Democratic: 38 %<br> Republican: 56 %"
"67",1980,"IOWA","IA",39,51,508672,676026,1317661,"IOWA <br> Year: 1980 <br> Democratic: 39 %<br> Republican: 51 %"
"68",1980,"KANSAS","KS",33,58,326150,566812,979795,"KANSAS <br> Year: 1980 <br> Democratic: 33 %<br> Republican: 58 %"
"69",1980,"KENTUCKY","KY",48,49,617417,635274,1295627,"KENTUCKY <br> Year: 1980 <br> Democratic: 48 %<br> Republican: 49 %"
"70",1980,"LOUISIANA","LA",46,51,708453,792853,1548591,"LOUISIANA <br> Year: 1980 <br> Democratic: 46 %<br> Republican: 51 %"
"71",1980,"MAINE","ME",42,46,220974,238522,523011,"MAINE <br> Year: 1980 <br> Democratic: 42 %<br> Republican: 46 %"
"72",1980,"MARYLAND","MD",47,44,726161,680606,1540496,"MARYLAND <br> Year: 1980 <br> Democratic: 47 %<br> Republican: 44 %"
"73",1980,"MASSACHUSETTS","MA",42,42,1053802,1057631,2524090,"MASSACHUSETTS <br> Year: 1980 <br> Democratic: 42 %<br> Republican: 42 %"
"74",1980,"MICHIGAN","MI",42,49,1661532,1915225,3909725,"MICHIGAN <br> Year: 1980 <br> Democratic: 42 %<br> Republican: 49 %"
"75",1980,"MINNESOTA","MN",47,43,954173,873268,2051916,"MINNESOTA <br> Year: 1980 <br> Democratic: 47 %<br> Republican: 43 %"
"76",1980,"MISSISSIPPI","MS",48,49,429281,441089,891750,"MISSISSIPPI <br> Year: 1980 <br> Democratic: 48 %<br> Republican: 49 %"
"77",1980,"MISSOURI","MO",44,51,931182,1074181,2099824,"MISSOURI <br> Year: 1980 <br> Democratic: 44 %<br> Republican: 51 %"
"78",1980,"MONTANA","MT",32,57,118032,206814,363952,"MONTANA <br> Year: 1980 <br> Democratic: 32 %<br> Republican: 57 %"
"79",1980,"NEBRASKA","NE",26,66,166424,419214,639533,"NEBRASKA <br> Year: 1980 <br> Democratic: 26 %<br> Republican: 66 %"
"80",1980,"NEVADA","NV",27,64,66666,155017,243692,"NEVADA <br> Year: 1980 <br> Democratic: 27 %<br> Republican: 64 %"
"81",1980,"NEW HAMPSHIRE","NH",28,58,108864,221705,383990,"NEW HAMPSHIRE <br> Year: 1980 <br> Democratic: 28 %<br> Republican: 58 %"
"82",1980,"NEW JERSEY","NJ",39,52,1147364,1546557,2975684,"NEW JERSEY <br> Year: 1980 <br> Democratic: 39 %<br> Republican: 52 %"
"83",1980,"NEW MEXICO","NM",37,55,167826,250779,456237,"NEW MEXICO <br> Year: 1980 <br> Democratic: 37 %<br> Republican: 55 %"
"84",1980,"NEW YORK","NY",44,43,2728372,2637700,6201959,"NEW YORK <br> Year: 1980 <br> Democratic: 44 %<br> Republican: 43 %"
"85",1980,"NORTH CAROLINA","NC",47,49,875635,915018,1855833,"NORTH CAROLINA <br> Year: 1980 <br> Democratic: 47 %<br> Republican: 49 %"
"86",1980,"NORTH DAKOTA","ND",26,64,79189,193695,301116,"NORTH DAKOTA <br> Year: 1980 <br> Democratic: 26 %<br> Republican: 64 %"
"87",1980,"OHIO","OH",41,52,1752414,2206545,4283603,"OHIO <br> Year: 1980 <br> Democratic: 41 %<br> Republican: 52 %"
"88",1980,"OKLAHOMA","OK",35,60,402026,695570,1149708,"OKLAHOMA <br> Year: 1980 <br> Democratic: 35 %<br> Republican: 60 %"
"89",1980,"OREGON","OR",39,48,456890,571044,1181516,"OREGON <br> Year: 1980 <br> Democratic: 39 %<br> Republican: 48 %"
"90",1980,"PENNSYLVANIA","PA",42,50,1937540,2261872,4561501,"PENNSYLVANIA <br> Year: 1980 <br> Democratic: 42 %<br> Republican: 50 %"
"91",1980,"RHODE ISLAND","RI",48,37,198342,154793,415967,"RHODE ISLAND <br> Year: 1980 <br> Democratic: 48 %<br> Republican: 37 %"
"92",1980,"SOUTH CAROLINA","SC",48,49,428220,439277,888258,"SOUTH CAROLINA <br> Year: 1980 <br> Democratic: 48 %<br> Republican: 49 %"
"93",1980,"SOUTH DAKOTA","SD",32,61,103855,198343,327703,"SOUTH DAKOTA <br> Year: 1980 <br> Democratic: 32 %<br> Republican: 61 %"
"94",1980,"TENNESSEE","TN",48,49,783051,787761,1617616,"TENNESSEE <br> Year: 1980 <br> Democratic: 48 %<br> Republican: 49 %"
"95",1980,"TEXAS","TX",41,55,1881147,2510705,4541636,"TEXAS <br> Year: 1980 <br> Democratic: 41 %<br> Republican: 55 %"
"96",1980,"UTAH","UT",21,73,124266,439687,604152,"UTAH <br> Year: 1980 <br> Democratic: 21 %<br> Republican: 73 %"
"97",1980,"VERMONT","VT",38,44,81952,94628,213299,"VERMONT <br> Year: 1980 <br> Democratic: 38 %<br> Republican: 44 %"
"98",1980,"VIRGINIA","VA",40,53,752174,989609,1866032,"VIRGINIA <br> Year: 1980 <br> Democratic: 40 %<br> Republican: 53 %"
"99",1980,"WASHINGTON","WA",37,50,650193,865244,1742394,"WASHINGTON <br> Year: 1980 <br> Democratic: 37 %<br> Republican: 50 %"
"100",1980,"WEST VIRGINIA","WV",50,45,367462,334206,737715,"WEST VIRGINIA <br> Year: 1980 <br> Democratic: 50 %<br> Republican: 45 %"
"101",1980,"WISCONSIN","WI",43,48,981584,1088845,2273221,"WISCONSIN <br> Year: 1980 <br> Democratic: 43 %<br> Republican: 48 %"
"102",1980,"WYOMING","WY",28,63,49427,110700,176713,"WYOMING <br> Year: 1980 <br> Democratic: 28 %<br> Republican: 63 %"
"103",1984,"ALABAMA","AL",38,61,551899,872849,1441713,"ALABAMA <br> Year: 1984 <br> Democratic: 38 %<br> Republican: 61 %"
"104",1984,"ALASKA","AK",30,67,62007,138377,207605,"ALASKA <br> Year: 1984 <br> Democratic: 30 %<br> Republican: 67 %"
"105",1984,"ARIZONA","AZ",33,66,333854,681416,1025897,"ARIZONA <br> Year: 1984 <br> Democratic: 33 %<br> Republican: 66 %"
"106",1984,"ARKANSAS","AR",38,60,338646,534774,884406,"ARKANSAS <br> Year: 1984 <br> Democratic: 38 %<br> Republican: 60 %"
"107",1984,"CALIFORNIA","CA",41,58,3922519,5467009,9505041,"CALIFORNIA <br> Year: 1984 <br> Democratic: 41 %<br> Republican: 58 %"
"108",1984,"COLORADO","CO",35,63,454975,821817,1295380,"COLORADO <br> Year: 1984 <br> Democratic: 35 %<br> Republican: 63 %"
"109",1984,"CONNECTICUT","CT",39,61,569597,890877,1466900,"CONNECTICUT <br> Year: 1984 <br> Democratic: 39 %<br> Republican: 61 %"
"110",1984,"DELAWARE","DE",40,60,101656,152190,254572,"DELAWARE <br> Year: 1984 <br> Democratic: 40 %<br> Republican: 60 %"
"111",1984,"DISTRICT OF COLUMBIA","DC",85,14,180408,29009,211288,"DISTRICT OF COLUMBIA <br> Year: 1984 <br> Democratic: 85 %<br> Republican: 14 %"
"112",1984,"FLORIDA","FL",35,65,1448816,2730350,4180051,"FLORIDA <br> Year: 1984 <br> Democratic: 35 %<br> Republican: 65 %"
"113",1984,"GEORGIA","GA",40,60,706628,1068722,1776103,"GEORGIA <br> Year: 1984 <br> Democratic: 40 %<br> Republican: 60 %"
"114",1984,"HAWAII","HI",44,55,147154,185050,335846,"HAWAII <br> Year: 1984 <br> Democratic: 44 %<br> Republican: 55 %"
"115",1984,"IDAHO","ID",26,72,108510,297523,411144,"IDAHO <br> Year: 1984 <br> Democratic: 26 %<br> Republican: 72 %"
"116",1984,"ILLINOIS","IL",43,56,2086499,2707103,4819088,"ILLINOIS <br> Year: 1984 <br> Democratic: 43 %<br> Republican: 56 %"
"117",1984,"INDIANA","IN",38,62,841481,1377230,2233069,"INDIANA <br> Year: 1984 <br> Democratic: 38 %<br> Republican: 62 %"
"118",1984,"IOWA","IA",46,53,605620,703088,1319805,"IOWA <br> Year: 1984 <br> Democratic: 46 %<br> Republican: 53 %"
"119",1984,"KANSAS","KS",33,66,333149,677296,1021991,"KANSAS <br> Year: 1984 <br> Democratic: 33 %<br> Republican: 66 %"
"120",1984,"KENTUCKY","KY",39,60,539539,821702,1369345,"KENTUCKY <br> Year: 1984 <br> Democratic: 39 %<br> Republican: 60 %"
"121",1984,"LOUISIANA","LA",38,61,651586,1037299,1706822,"LOUISIANA <br> Year: 1984 <br> Democratic: 38 %<br> Republican: 61 %"
"122",1984,"MAINE","ME",39,61,214515,336500,553144,"MAINE <br> Year: 1984 <br> Democratic: 39 %<br> Republican: 61 %"
"123",1984,"MARYLAND","MD",47,53,787935,879918,1675873,"MARYLAND <br> Year: 1984 <br> Democratic: 47 %<br> Republican: 53 %"
"124",1984,"MASSACHUSETTS","MA",48,51,1239606,1310936,2559383,"MASSACHUSETTS <br> Year: 1984 <br> Democratic: 48 %<br> Republican: 51 %"
"125",1984,"MICHIGAN","MI",40,59,1529638,2251571,3801658,"MICHIGAN <br> Year: 1984 <br> Democratic: 40 %<br> Republican: 59 %"
"126",1984,"MINNESOTA","MN",50,50,1036364,1032603,2084449,"MINNESOTA <br> Year: 1984 <br> Democratic: 50 %<br> Republican: 50 %"
"127",1984,"MISSISSIPPI","MS",37,62,352192,582377,941104,"MISSISSIPPI <br> Year: 1984 <br> Democratic: 37 %<br> Republican: 62 %"
"128",1984,"MISSOURI","MO",40,60,848583,1274188,2122771,"MISSOURI <br> Year: 1984 <br> Democratic: 40 %<br> Republican: 60 %"
"129",1984,"MONTANA","MT",38,60,146742,232450,384377,"MONTANA <br> Year: 1984 <br> Democratic: 38 %<br> Republican: 60 %"
"130",1984,"NEBRASKA","NE",29,71,187866,460054,652090,"NEBRASKA <br> Year: 1984 <br> Democratic: 29 %<br> Republican: 71 %"
"131",1984,"NEVADA","NV",32,67,91655,188770,282717,"NEVADA <br> Year: 1984 <br> Democratic: 32 %<br> Republican: 67 %"
"132",1984,"NEW HAMPSHIRE","NH",31,69,120347,267050,388904,"NEW HAMPSHIRE <br> Year: 1984 <br> Democratic: 31 %<br> Republican: 69 %"
"133",1984,"NEW JERSEY","NJ",39,60,1261323,1933630,3217862,"NEW JERSEY <br> Year: 1984 <br> Democratic: 39 %<br> Republican: 60 %"
"134",1984,"NEW MEXICO","NM",39,60,201769,307101,514370,"NEW MEXICO <br> Year: 1984 <br> Democratic: 39 %<br> Republican: 60 %"
"135",1984,"NEW YORK","NY",44,50,3001285,3376519,6806810,"NEW YORK <br> Year: 1984 <br> Democratic: 44 %<br> Republican: 50 %"
"136",1984,"NORTH CAROLINA","NC",38,62,824287,1346481,2175361,"NORTH CAROLINA <br> Year: 1984 <br> Democratic: 38 %<br> Republican: 62 %"
"137",1984,"NORTH DAKOTA","ND",34,65,104429,200336,308971,"NORTH DAKOTA <br> Year: 1984 <br> Democratic: 34 %<br> Republican: 65 %"
"138",1984,"OHIO","OH",40,59,1825440,2678559,4563235,"OHIO <br> Year: 1984 <br> Democratic: 40 %<br> Republican: 59 %"
"139",1984,"OKLAHOMA","OK",31,69,385080,861530,1255676,"OKLAHOMA <br> Year: 1984 <br> Democratic: 31 %<br> Republican: 69 %"
"140",1984,"OREGON","OR",44,56,536479,685700,1226527,"OREGON <br> Year: 1984 <br> Democratic: 44 %<br> Republican: 56 %"
"141",1984,"PENNSYLVANIA","PA",46,53,2228131,2584323,4844903,"PENNSYLVANIA <br> Year: 1984 <br> Democratic: 46 %<br> Republican: 53 %"
"142",1984,"RHODE ISLAND","RI",48,52,197106,212080,410489,"RHODE ISLAND <br> Year: 1984 <br> Democratic: 48 %<br> Republican: 52 %"
"143",1984,"SOUTH CAROLINA","SC",36,64,344459,615539,968529,"SOUTH CAROLINA <br> Year: 1984 <br> Democratic: 36 %<br> Republican: 64 %"
"144",1984,"SOUTH DAKOTA","SD",37,63,116113,200267,317867,"SOUTH DAKOTA <br> Year: 1984 <br> Democratic: 37 %<br> Republican: 63 %"
"145",1984,"TENNESSEE","TN",42,58,711714,990212,1711993,"TENNESSEE <br> Year: 1984 <br> Democratic: 42 %<br> Republican: 58 %"
"146",1984,"TEXAS","TX",36,64,1949276,3433428,5397571,"TEXAS <br> Year: 1984 <br> Democratic: 36 %<br> Republican: 64 %"
"147",1984,"UTAH","UT",25,75,155369,469105,629656,"UTAH <br> Year: 1984 <br> Democratic: 25 %<br> Republican: 75 %"
"148",1984,"VERMONT","VT",41,58,95730,135865,234561,"VERMONT <br> Year: 1984 <br> Democratic: 41 %<br> Republican: 58 %"
"149",1984,"VIRGINIA","VA",37,62,796250,1337078,2146635,"VIRGINIA <br> Year: 1984 <br> Democratic: 37 %<br> Republican: 62 %"
"150",1984,"WASHINGTON","WA",43,56,798352,1051670,1874910,"WASHINGTON <br> Year: 1984 <br> Democratic: 43 %<br> Republican: 56 %"
"151",1984,"WEST VIRGINIA","WV",45,55,328125,405483,735742,"WEST VIRGINIA <br> Year: 1984 <br> Democratic: 45 %<br> Republican: 55 %"
"152",1984,"WISCONSIN","WI",45,54,995740,1198584,2211689,"WISCONSIN <br> Year: 1984 <br> Democratic: 45 %<br> Republican: 54 %"
"153",1984,"WYOMING","WY",28,71,53370,133241,188968,"WYOMING <br> Year: 1984 <br> Democratic: 28 %<br> Republican: 71 %"
"154",1988,"ALABAMA","AL",40,59,549506,815576,1378476,"ALABAMA <br> Year: 1988 <br> Democratic: 40 %<br> Republican: 59 %"
"155",1988,"ALASKA","AK",36,60,72584,119251,200116,"ALASKA <br> Year: 1988 <br> Democratic: 36 %<br> Republican: 60 %"
"156",1988,"ARIZONA","AZ",39,60,454029,702541,1171873,"ARIZONA <br> Year: 1988 <br> Democratic: 39 %<br> Republican: 60 %"
"157",1988,"ARKANSAS","AR",42,56,349237,466578,827738,"ARKANSAS <br> Year: 1988 <br> Democratic: 42 %<br> Republican: 56 %"
"158",1988,"CALIFORNIA","CA",48,51,4702233,5054917,9887065,"CALIFORNIA <br> Year: 1988 <br> Democratic: 48 %<br> Republican: 51 %"
"159",1988,"COLORADO","CO",45,53,621453,728177,1372394,"COLORADO <br> Year: 1988 <br> Democratic: 45 %<br> Republican: 53 %"
"160",1988,"CONNECTICUT","CT",47,52,676584,750241,1443394,"CONNECTICUT <br> Year: 1988 <br> Democratic: 47 %<br> Republican: 52 %"
"161",1988,"DELAWARE","DE",43,56,108647,139639,249891,"DELAWARE <br> Year: 1988 <br> Democratic: 43 %<br> Republican: 56 %"
"162",1988,"DISTRICT OF COLUMBIA","DC",83,14,159407,27590,192877,"DISTRICT OF COLUMBIA <br> Year: 1988 <br> Democratic: 83 %<br> Republican: 14 %"
"163",1988,"FLORIDA","FL",39,61,1656701,2618885,4302313,"FLORIDA <br> Year: 1988 <br> Democratic: 39 %<br> Republican: 61 %"
"164",1988,"GEORGIA","GA",39,60,714792,1081331,1809672,"GEORGIA <br> Year: 1988 <br> Democratic: 39 %<br> Republican: 60 %"
"165",1988,"HAWAII","HI",54,45,192364,158625,354461,"HAWAII <br> Year: 1988 <br> Democratic: 54 %<br> Republican: 45 %"
"166",1988,"IDAHO","ID",36,62,147272,253881,408968,"IDAHO <br> Year: 1988 <br> Democratic: 36 %<br> Republican: 62 %"
"167",1988,"ILLINOIS","IL",49,51,2215940,2310939,4559120,"ILLINOIS <br> Year: 1988 <br> Democratic: 49 %<br> Republican: 51 %"
"168",1988,"INDIANA","IN",40,60,860643,1297763,2168621,"INDIANA <br> Year: 1988 <br> Democratic: 40 %<br> Republican: 60 %"
"169",1988,"IOWA","IA",55,44,670557,545355,1225614,"IOWA <br> Year: 1988 <br> Democratic: 55 %<br> Republican: 44 %"
"170",1988,"KANSAS","KS",43,56,422636,554049,993044,"KANSAS <br> Year: 1988 <br> Democratic: 43 %<br> Republican: 56 %"
"171",1988,"KENTUCKY","KY",44,56,580368,734281,1322517,"KENTUCKY <br> Year: 1988 <br> Democratic: 44 %<br> Republican: 56 %"
"172",1988,"LOUISIANA","LA",44,54,717460,883702,1628202,"LOUISIANA <br> Year: 1988 <br> Democratic: 44 %<br> Republican: 54 %"
"173",1988,"MAINE","ME",44,55,243569,307131,555035,"MAINE <br> Year: 1988 <br> Democratic: 44 %<br> Republican: 55 %"
"174",1988,"MARYLAND","MD",48,51,826304,876167,1714358,"MARYLAND <br> Year: 1988 <br> Democratic: 48 %<br> Republican: 51 %"
"175",1988,"MASSACHUSETTS","MA",53,45,1401415,1194635,2632801,"MASSACHUSETTS <br> Year: 1988 <br> Democratic: 53 %<br> Republican: 45 %"
"176",1988,"MICHIGAN","MI",46,54,1675783,1965486,3669163,"MICHIGAN <br> Year: 1988 <br> Democratic: 46 %<br> Republican: 54 %"
"177",1988,"MINNESOTA","MN",53,46,1109471,962337,2096790,"MINNESOTA <br> Year: 1988 <br> Democratic: 53 %<br> Republican: 46 %"
"178",1988,"MISSISSIPPI","MS",39,60,363921,557890,931527,"MISSISSIPPI <br> Year: 1988 <br> Democratic: 39 %<br> Republican: 60 %"
"179",1988,"MISSOURI","MO",48,52,1001619,1084953,2093228,"MISSOURI <br> Year: 1988 <br> Democratic: 48 %<br> Republican: 52 %"
"180",1988,"MONTANA","MT",46,52,168936,190412,365674,"MONTANA <br> Year: 1988 <br> Democratic: 46 %<br> Republican: 52 %"
"181",1988,"NEBRASKA","NE",39,60,259235,397956,661465,"NEBRASKA <br> Year: 1988 <br> Democratic: 39 %<br> Republican: 60 %"
"182",1988,"NEVADA","NV",39,60,132738,206040,343133,"NEVADA <br> Year: 1988 <br> Democratic: 39 %<br> Republican: 60 %"
"183",1988,"NEW HAMPSHIRE","NH",36,62,163696,281537,450525,"NEW HAMPSHIRE <br> Year: 1988 <br> Democratic: 36 %<br> Republican: 62 %"
"184",1988,"NEW JERSEY","NJ",43,56,1320352,1743192,3099553,"NEW JERSEY <br> Year: 1988 <br> Democratic: 43 %<br> Republican: 56 %"
"185",1988,"NEW MEXICO","NM",47,52,244497,270341,521387,"NEW MEXICO <br> Year: 1988 <br> Democratic: 47 %<br> Republican: 52 %"
"186",1988,"NEW YORK","NY",50,44,3255487,2838414,6485683,"NEW YORK <br> Year: 1988 <br> Democratic: 50 %<br> Republican: 44 %"
"187",1988,"NORTH CAROLINA","NC",42,58,890167,1237258,2134370,"NORTH CAROLINA <br> Year: 1988 <br> Democratic: 42 %<br> Republican: 58 %"
"188",1988,"NORTH DAKOTA","ND",43,56,127739,166559,297261,"NORTH DAKOTA <br> Year: 1988 <br> Democratic: 43 %<br> Republican: 56 %"
"189",1988,"OHIO","OH",44,55,1939629,2416549,4393585,"OHIO <br> Year: 1988 <br> Democratic: 44 %<br> Republican: 55 %"
"190",1988,"OKLAHOMA","OK",41,58,483423,678367,1171036,"OKLAHOMA <br> Year: 1988 <br> Democratic: 41 %<br> Republican: 58 %"
"191",1988,"OREGON","OR",51,47,616206,560126,1201694,"OREGON <br> Year: 1988 <br> Democratic: 51 %<br> Republican: 47 %"
"192",1988,"PENNSYLVANIA","PA",48,51,2194944,2300087,4536251,"PENNSYLVANIA <br> Year: 1988 <br> Democratic: 48 %<br> Republican: 51 %"
"193",1988,"RHODE ISLAND","RI",56,44,225123,177761,404622,"RHODE ISLAND <br> Year: 1988 <br> Democratic: 56 %<br> Republican: 44 %"
"194",1988,"SOUTH CAROLINA","SC",38,62,370554,606443,986009,"SOUTH CAROLINA <br> Year: 1988 <br> Democratic: 38 %<br> Republican: 62 %"
"195",1988,"SOUTH DAKOTA","SD",47,53,145560,165415,312991,"SOUTH DAKOTA <br> Year: 1988 <br> Democratic: 47 %<br> Republican: 53 %"
"196",1988,"TENNESSEE","TN",42,58,679794,947233,1636250,"TENNESSEE <br> Year: 1988 <br> Democratic: 42 %<br> Republican: 58 %"
"197",1988,"TEXAS","TX",43,56,2352748,3036829,5427410,"TEXAS <br> Year: 1988 <br> Democratic: 43 %<br> Republican: 56 %"
"198",1988,"UTAH","UT",32,66,207343,428442,647008,"UTAH <br> Year: 1988 <br> Democratic: 32 %<br> Republican: 66 %"
"199",1988,"VERMONT","VT",48,51,115775,124331,243328,"VERMONT <br> Year: 1988 <br> Democratic: 48 %<br> Republican: 51 %"
"200",1988,"VIRGINIA","VA",39,60,859799,1309162,2191609,"VIRGINIA <br> Year: 1988 <br> Democratic: 39 %<br> Republican: 60 %"
"201",1988,"WASHINGTON","WA",50,48,933516,903835,1865253,"WASHINGTON <br> Year: 1988 <br> Democratic: 50 %<br> Republican: 48 %"
"202",1988,"WEST VIRGINIA","WV",52,47,341016,310065,653311,"WEST VIRGINIA <br> Year: 1988 <br> Democratic: 52 %<br> Republican: 47 %"
"203",1988,"WISCONSIN","WI",51,48,1126794,1047499,2191608,"WISCONSIN <br> Year: 1988 <br> Democratic: 51 %<br> Republican: 48 %"
"204",1988,"WYOMING","WY",38,61,67113,106867,176551,"WYOMING <br> Year: 1988 <br> Democratic: 38 %<br> Republican: 61 %"
"205",1992,"ALABAMA","AL",41,48,690080,804283,1688060,"ALABAMA <br> Year: 1992 <br> Democratic: 41 %<br> Republican: 48 %"
"206",1992,"ALASKA","AK",30,39,78294,102000,258506,"ALASKA <br> Year: 1992 <br> Democratic: 30 %<br> Republican: 39 %"
"207",1992,"ARIZONA","AZ",37,38,543050,572086,1486975,"ARIZONA <br> Year: 1992 <br> Democratic: 37 %<br> Republican: 38 %"
"208",1992,"ARKANSAS","AR",53,35,505823,337324,950653,"ARKANSAS <br> Year: 1992 <br> Democratic: 53 %<br> Republican: 35 %"
"209",1992,"CALIFORNIA","CA",46,33,5121325,3630574,11131721,"CALIFORNIA <br> Year: 1992 <br> Democratic: 46 %<br> Republican: 33 %"
"210",1992,"COLORADO","CO",40,36,629681,562850,1569180,"COLORADO <br> Year: 1992 <br> Democratic: 40 %<br> Republican: 36 %"
"211",1992,"CONNECTICUT","CT",42,36,682318,578313,1616156,"CONNECTICUT <br> Year: 1992 <br> Democratic: 42 %<br> Republican: 36 %"
"212",1992,"DELAWARE","DE",44,35,126054,102313,289620,"DELAWARE <br> Year: 1992 <br> Democratic: 44 %<br> Republican: 35 %"
"213",1992,"DISTRICT OF COLUMBIA","DC",85,9,192619,20698,227572,"DISTRICT OF COLUMBIA <br> Year: 1992 <br> Democratic: 85 %<br> Republican: 9 %"
"214",1992,"FLORIDA","FL",39,41,2071698,2173310,5313392,"FLORIDA <br> Year: 1992 <br> Democratic: 39 %<br> Republican: 41 %"
"215",1992,"GEORGIA","GA",43,43,1008966,995252,2321133,"GEORGIA <br> Year: 1992 <br> Democratic: 43 %<br> Republican: 43 %"
"216",1992,"HAWAII","HI",48,37,179310,136822,372842,"HAWAII <br> Year: 1992 <br> Democratic: 48 %<br> Republican: 37 %"
"217",1992,"IDAHO","ID",28,42,137013,202645,482114,"IDAHO <br> Year: 1992 <br> Democratic: 28 %<br> Republican: 42 %"
"218",1992,"ILLINOIS","IL",49,34,2453350,1734096,5050157,"ILLINOIS <br> Year: 1992 <br> Democratic: 49 %<br> Republican: 34 %"
"219",1992,"INDIANA","IN",37,43,848420,989375,2305871,"INDIANA <br> Year: 1992 <br> Democratic: 37 %<br> Republican: 43 %"
"220",1992,"IOWA","IA",43,37,586353,504891,1354607,"IOWA <br> Year: 1992 <br> Democratic: 43 %<br> Republican: 37 %"
"221",1992,"KANSAS","KS",34,39,390434,449951,1157236,"KANSAS <br> Year: 1992 <br> Democratic: 34 %<br> Republican: 39 %"
"222",1992,"KENTUCKY","KY",45,41,665104,617178,1492900,"KENTUCKY <br> Year: 1992 <br> Democratic: 45 %<br> Republican: 41 %"
"223",1992,"LOUISIANA","LA",46,41,815971,733386,1790017,"LOUISIANA <br> Year: 1992 <br> Democratic: 46 %<br> Republican: 41 %"
"224",1992,"MAINE","ME",39,30,263420,206504,679499,"MAINE <br> Year: 1992 <br> Democratic: 39 %<br> Republican: 30 %"
"225",1992,"MARYLAND","MD",50,36,988571,707094,1984580,"MARYLAND <br> Year: 1992 <br> Democratic: 50 %<br> Republican: 36 %"
"226",1992,"MASSACHUSETTS","MA",48,29,1318639,805039,2773664,"MASSACHUSETTS <br> Year: 1992 <br> Democratic: 48 %<br> Republican: 29 %"
"227",1992,"MICHIGAN","MI",44,36,1871182,1554940,4274673,"MICHIGAN <br> Year: 1992 <br> Democratic: 44 %<br> Republican: 36 %"
"228",1992,"MINNESOTA","MN",43,32,1020997,747841,2347948,"MINNESOTA <br> Year: 1992 <br> Democratic: 43 %<br> Republican: 32 %"
"229",1992,"MISSISSIPPI","MS",41,50,400258,487793,981793,"MISSISSIPPI <br> Year: 1992 <br> Democratic: 41 %<br> Republican: 50 %"
"230",1992,"MISSOURI","MO",44,34,1053873,811159,2391270,"MISSOURI <br> Year: 1992 <br> Democratic: 44 %<br> Republican: 34 %"
"231",1992,"MONTANA","MT",38,35,154507,144207,410583,"MONTANA <br> Year: 1992 <br> Democratic: 38 %<br> Republican: 35 %"
"232",1992,"NEBRASKA","NE",29,47,216864,343678,737546,"NEBRASKA <br> Year: 1992 <br> Democratic: 29 %<br> Republican: 47 %"
"233",1992,"NEVADA","NV",37,35,189148,175828,506318,"NEVADA <br> Year: 1992 <br> Democratic: 37 %<br> Republican: 35 %"
"234",1992,"NEW HAMPSHIRE","NH",39,38,209040,202484,537215,"NEW HAMPSHIRE <br> Year: 1992 <br> Democratic: 39 %<br> Republican: 38 %"
"235",1992,"NEW JERSEY","NJ",43,41,1436206,1356865,3343594,"NEW JERSEY <br> Year: 1992 <br> Democratic: 43 %<br> Republican: 41 %"
"236",1992,"NEW MEXICO","NM",46,37,261617,212824,569986,"NEW MEXICO <br> Year: 1992 <br> Democratic: 46 %<br> Republican: 37 %"
"237",1992,"NEW YORK","NY",47,29,3346894,2041690,7079432,"NEW YORK <br> Year: 1992 <br> Democratic: 47 %<br> Republican: 29 %"
"238",1992,"NORTH CAROLINA","NC",43,43,1114042,1134661,2611850,"NORTH CAROLINA <br> Year: 1992 <br> Democratic: 43 %<br> Republican: 43 %"
"239",1992,"NORTH DAKOTA","ND",32,44,99168,136244,308133,"NORTH DAKOTA <br> Year: 1992 <br> Democratic: 32 %<br> Republican: 44 %"
"240",1992,"OHIO","OH",40,38,1984942,1894310,4939967,"OHIO <br> Year: 1992 <br> Democratic: 40 %<br> Republican: 38 %"
"241",1992,"OKLAHOMA","OK",34,43,473066,592929,1390359,"OKLAHOMA <br> Year: 1992 <br> Democratic: 34 %<br> Republican: 43 %"
"242",1992,"OREGON","OR",42,33,621314,475757,1462643,"OREGON <br> Year: 1992 <br> Democratic: 42 %<br> Republican: 33 %"
"243",1992,"PENNSYLVANIA","PA",45,36,2239164,1791841,4959810,"PENNSYLVANIA <br> Year: 1992 <br> Democratic: 45 %<br> Republican: 36 %"
"244",1992,"RHODE ISLAND","RI",47,29,213299,131601,453365,"RHODE ISLAND <br> Year: 1992 <br> Democratic: 47 %<br> Republican: 29 %"
"245",1992,"SOUTH CAROLINA","SC",43,47,525514,577507,1228912,"SOUTH CAROLINA <br> Year: 1992 <br> Democratic: 43 %<br> Republican: 47 %"
"246",1992,"SOUTH DAKOTA","SD",37,41,124888,136718,336254,"SOUTH DAKOTA <br> Year: 1992 <br> Democratic: 37 %<br> Republican: 41 %"
"247",1992,"TENNESSEE","TN",47,42,933521,841300,1982638,"TENNESSEE <br> Year: 1992 <br> Democratic: 47 %<br> Republican: 42 %"
"248",1992,"TEXAS","TX",37,41,2281815,2496071,6154018,"TEXAS <br> Year: 1992 <br> Democratic: 37 %<br> Republican: 41 %"
"249",1992,"UTAH","UT",25,43,183429,322632,743998,"UTAH <br> Year: 1992 <br> Democratic: 25 %<br> Republican: 43 %"
"250",1992,"VERMONT","VT",46,30,133592,88122,289701,"VERMONT <br> Year: 1992 <br> Democratic: 46 %<br> Republican: 30 %"
"251",1992,"VIRGINIA","VA",41,45,1038650,1150517,2559129,"VIRGINIA <br> Year: 1992 <br> Democratic: 41 %<br> Republican: 45 %"
"252",1992,"WASHINGTON","WA",43,32,993037,731234,2287565,"WASHINGTON <br> Year: 1992 <br> Democratic: 43 %<br> Republican: 32 %"
"253",1992,"WEST VIRGINIA","WV",48,35,331001,241974,683677,"WEST VIRGINIA <br> Year: 1992 <br> Democratic: 48 %<br> Republican: 35 %"
"254",1992,"WISCONSIN","WI",41,37,1041066,930855,2531064,"WISCONSIN <br> Year: 1992 <br> Democratic: 41 %<br> Republican: 37 %"
"255",1992,"WYOMING","WY",34,40,68160,79347,199884,"WYOMING <br> Year: 1992 <br> Democratic: 34 %<br> Republican: 40 %"
"256",1996,"ALABAMA","AL",43,50,662165,769044,1534349,"ALABAMA <br> Year: 1996 <br> Democratic: 43 %<br> Republican: 50 %"
"257",1996,"ALASKA","AK",33,51,80380,122746,241620,"ALASKA <br> Year: 1996 <br> Democratic: 33 %<br> Republican: 51 %"
"258",1996,"ARIZONA","AZ",47,44,653288,622073,1404405,"ARIZONA <br> Year: 1996 <br> Democratic: 47 %<br> Republican: 44 %"
"259",1996,"ARKANSAS","AR",54,37,475171,325416,884262,"ARKANSAS <br> Year: 1996 <br> Democratic: 54 %<br> Republican: 37 %"
"260",1996,"CALIFORNIA","CA",51,38,5119835,3828381,10019469,"CALIFORNIA <br> Year: 1996 <br> Democratic: 51 %<br> Republican: 38 %"
"261",1996,"COLORADO","CO",44,46,671152,691848,1510702,"COLORADO <br> Year: 1996 <br> Democratic: 44 %<br> Republican: 46 %"
"262",1996,"CONNECTICUT","CT",53,35,735740,483109,1392614,"CONNECTICUT <br> Year: 1996 <br> Democratic: 53 %<br> Republican: 35 %"
"263",1996,"DELAWARE","DE",52,37,140355,99062,270810,"DELAWARE <br> Year: 1996 <br> Democratic: 52 %<br> Republican: 37 %"
"264",1996,"DISTRICT OF COLUMBIA","DC",85,9,158220,17339,185726,"DISTRICT OF COLUMBIA <br> Year: 1996 <br> Democratic: 85 %<br> Republican: 9 %"
"265",1996,"FLORIDA","FL",48,42,2546870,2244536,5303154,"FLORIDA <br> Year: 1996 <br> Democratic: 48 %<br> Republican: 42 %"
"266",1996,"GEORGIA","GA",46,47,1053849,1080843,2298899,"GEORGIA <br> Year: 1996 <br> Democratic: 46 %<br> Republican: 47 %"
"267",1996,"HAWAII","HI",57,32,205012,113943,360120,"HAWAII <br> Year: 1996 <br> Democratic: 57 %<br> Republican: 32 %"
"268",1996,"IDAHO","ID",34,52,165443,256595,491711,"IDAHO <br> Year: 1996 <br> Democratic: 34 %<br> Republican: 52 %"
"269",1996,"ILLINOIS","IL",54,37,2341744,1587021,4311391,"ILLINOIS <br> Year: 1996 <br> Democratic: 54 %<br> Republican: 37 %"
"270",1996,"INDIANA","IN",42,47,887424,1006693,2135431,"INDIANA <br> Year: 1996 <br> Democratic: 42 %<br> Republican: 47 %"
"271",1996,"IOWA","IA",50,40,620258,492644,1234075,"IOWA <br> Year: 1996 <br> Democratic: 50 %<br> Republican: 40 %"
"272",1996,"KANSAS","KS",36,54,387659,583245,1074300,"KANSAS <br> Year: 1996 <br> Democratic: 36 %<br> Republican: 54 %"
"273",1996,"KENTUCKY","KY",46,45,636614,623283,1388708,"KENTUCKY <br> Year: 1996 <br> Democratic: 46 %<br> Republican: 45 %"
"274",1996,"LOUISIANA","LA",52,40,927837,712586,1783959,"LOUISIANA <br> Year: 1996 <br> Democratic: 52 %<br> Republican: 40 %"
"275",1996,"MAINE","ME",52,31,312788,186378,605897,"MAINE <br> Year: 1996 <br> Democratic: 52 %<br> Republican: 31 %"
"276",1996,"MARYLAND","MD",54,38,966207,681530,1780870,"MARYLAND <br> Year: 1996 <br> Democratic: 54 %<br> Republican: 38 %"
"277",1996,"MASSACHUSETTS","MA",61,28,1571509,718058,2556459,"MASSACHUSETTS <br> Year: 1996 <br> Democratic: 61 %<br> Republican: 28 %"
"278",1996,"MICHIGAN","MI",52,38,1989653,1481212,3848844,"MICHIGAN <br> Year: 1996 <br> Democratic: 52 %<br> Republican: 38 %"
"279",1996,"MINNESOTA","MN",51,35,1120380,766395,2192492,"MINNESOTA <br> Year: 1996 <br> Democratic: 51 %<br> Republican: 35 %"
"280",1996,"MISSISSIPPI","MS",44,49,394022,439838,893857,"MISSISSIPPI <br> Year: 1996 <br> Democratic: 44 %<br> Republican: 49 %"
"281",1996,"MISSOURI","MO",48,41,1025935,890016,2158065,"MISSOURI <br> Year: 1996 <br> Democratic: 48 %<br> Republican: 41 %"
"282",1996,"MONTANA","MT",41,44,167922,179652,407083,"MONTANA <br> Year: 1996 <br> Democratic: 41 %<br> Republican: 44 %"
"283",1996,"NEBRASKA","NE",35,54,236761,363467,677415,"NEBRASKA <br> Year: 1996 <br> Democratic: 35 %<br> Republican: 54 %"
"284",1996,"NEVADA","NV",44,43,203974,199244,464279,"NEVADA <br> Year: 1996 <br> Democratic: 44 %<br> Republican: 43 %"
"285",1996,"NEW HAMPSHIRE","NH",50,40,246166,196486,496597,"NEW HAMPSHIRE <br> Year: 1996 <br> Democratic: 50 %<br> Republican: 40 %"
"286",1996,"NEW JERSEY","NJ",54,36,1652361,1103099,3075860,"NEW JERSEY <br> Year: 1996 <br> Democratic: 54 %<br> Republican: 36 %"
"287",1996,"NEW MEXICO","NM",49,42,273495,232751,556074,"NEW MEXICO <br> Year: 1996 <br> Democratic: 49 %<br> Republican: 42 %"
"288",1996,"NEW YORK","NY",57,27,3649630,1738707,6439129,"NEW YORK <br> Year: 1996 <br> Democratic: 57 %<br> Republican: 27 %"
"289",1996,"NORTH CAROLINA","NC",44,49,1107849,1225938,2515807,"NORTH CAROLINA <br> Year: 1996 <br> Democratic: 44 %<br> Republican: 49 %"
"290",1996,"NORTH DAKOTA","ND",40,47,106905,125050,266411,"NORTH DAKOTA <br> Year: 1996 <br> Democratic: 40 %<br> Republican: 47 %"
"291",1996,"OHIO","OH",47,41,2148222,1859883,4534434,"OHIO <br> Year: 1996 <br> Democratic: 47 %<br> Republican: 41 %"
"292",1996,"OKLAHOMA","OK",40,48,488105,582315,1206713,"OKLAHOMA <br> Year: 1996 <br> Democratic: 40 %<br> Republican: 48 %"
"293",1996,"OREGON","OR",47,39,649641,538152,1377760,"OREGON <br> Year: 1996 <br> Democratic: 47 %<br> Republican: 39 %"
"294",1996,"PENNSYLVANIA","PA",49,40,2215819,1801169,4501307,"PENNSYLVANIA <br> Year: 1996 <br> Democratic: 49 %<br> Republican: 40 %"
"295",1996,"RHODE ISLAND","RI",60,27,233050,104683,390247,"RHODE ISLAND <br> Year: 1996 <br> Democratic: 60 %<br> Republican: 27 %"
"296",1996,"SOUTH CAROLINA","SC",44,50,506152,573339,1150182,"SOUTH CAROLINA <br> Year: 1996 <br> Democratic: 44 %<br> Republican: 50 %"
"297",1996,"SOUTH DAKOTA","SD",43,46,139333,150543,323826,"SOUTH DAKOTA <br> Year: 1996 <br> Democratic: 43 %<br> Republican: 46 %"
"298",1996,"TENNESSEE","TN",48,46,909146,863530,1894105,"TENNESSEE <br> Year: 1996 <br> Democratic: 48 %<br> Republican: 46 %"
"299",1996,"TEXAS","TX",44,49,2459683,2736167,5611644,"TEXAS <br> Year: 1996 <br> Democratic: 44 %<br> Republican: 49 %"
"300",1996,"UTAH","UT",33,54,221633,361911,665629,"UTAH <br> Year: 1996 <br> Democratic: 33 %<br> Republican: 54 %"
"301",1996,"VERMONT","VT",53,31,137894,80352,258449,"VERMONT <br> Year: 1996 <br> Democratic: 53 %<br> Republican: 31 %"
"302",1996,"VIRGINIA","VA",45,47,1091060,1138350,2416642,"VIRGINIA <br> Year: 1996 <br> Democratic: 45 %<br> Republican: 47 %"
"303",1996,"WASHINGTON","WA",50,37,1123323,840712,2253837,"WASHINGTON <br> Year: 1996 <br> Democratic: 50 %<br> Republican: 37 %"
"304",1996,"WEST VIRGINIA","WV",52,37,327812,233946,636459,"WEST VIRGINIA <br> Year: 1996 <br> Democratic: 52 %<br> Republican: 37 %"
"305",1996,"WISCONSIN","WI",49,38,1071971,845029,2196169,"WISCONSIN <br> Year: 1996 <br> Democratic: 49 %<br> Republican: 38 %"
"306",1996,"WYOMING","WY",37,50,77934,105388,211571,"WYOMING <br> Year: 1996 <br> Democratic: 37 %<br> Republican: 50 %"
"307",2000,"ALABAMA","AL",42,56,692611,941173,1666272,"ALABAMA <br> Year: 2000 <br> Democratic: 42 %<br> Republican: 56 %"
"308",2000,"ALASKA","AK",28,59,79004,167398,285560,"ALASKA <br> Year: 2000 <br> Democratic: 28 %<br> Republican: 59 %"
"309",2000,"ARIZONA","AZ",45,51,685341,781652,1532016,"ARIZONA <br> Year: 2000 <br> Democratic: 45 %<br> Republican: 51 %"
"310",2000,"ARKANSAS","AR",46,51,422768,472940,921781,"ARKANSAS <br> Year: 2000 <br> Democratic: 46 %<br> Republican: 51 %"
"311",2000,"CALIFORNIA","CA",53,42,5861203,4567429,10965822,"CALIFORNIA <br> Year: 2000 <br> Democratic: 53 %<br> Republican: 42 %"
"312",2000,"COLORADO","CO",42,51,738227,883748,1741368,"COLORADO <br> Year: 2000 <br> Democratic: 42 %<br> Republican: 51 %"
"313",2000,"CONNECTICUT","CT",56,38,816015,561094,1459525,"CONNECTICUT <br> Year: 2000 <br> Democratic: 56 %<br> Republican: 38 %"
"314",2000,"DELAWARE","DE",55,42,180068,137288,327529,"DELAWARE <br> Year: 2000 <br> Democratic: 55 %<br> Republican: 42 %"
"315",2000,"DISTRICT OF COLUMBIA","DC",85,9,171923,18073,201894,"DISTRICT OF COLUMBIA <br> Year: 2000 <br> Democratic: 85 %<br> Republican: 9 %"
"316",2000,"FLORIDA","FL",49,49,2912253,2912790,5963110,"FLORIDA <br> Year: 2000 <br> Democratic: 49 %<br> Republican: 49 %"
"317",2000,"GEORGIA","GA",43,55,1116230,1419720,2583208,"GEORGIA <br> Year: 2000 <br> Democratic: 43 %<br> Republican: 55 %"
"318",2000,"HAWAII","HI",56,37,205286,137845,367951,"HAWAII <br> Year: 2000 <br> Democratic: 56 %<br> Republican: 37 %"
"319",2000,"IDAHO","ID",28,67,138637,336937,501615,"IDAHO <br> Year: 2000 <br> Democratic: 28 %<br> Republican: 67 %"
"320",2000,"ILLINOIS","IL",55,43,2589026,2019421,4742108,"ILLINOIS <br> Year: 2000 <br> Democratic: 55 %<br> Republican: 43 %"
"321",2000,"INDIANA","IN",41,57,901980,1245836,2199302,"INDIANA <br> Year: 2000 <br> Democratic: 41 %<br> Republican: 57 %"
"322",2000,"IOWA","IA",47,47,638517,634373,1353022,"IOWA <br> Year: 2000 <br> Democratic: 47 %<br> Republican: 47 %"
"323",2000,"KANSAS","KS",37,58,399276,622332,1072216,"KANSAS <br> Year: 2000 <br> Democratic: 37 %<br> Republican: 58 %"
"324",2000,"KENTUCKY","KY",41,57,638923,872520,1544106,"KENTUCKY <br> Year: 2000 <br> Democratic: 41 %<br> Republican: 57 %"
"325",2000,"LOUISIANA","LA",45,53,792344,927871,1765656,"LOUISIANA <br> Year: 2000 <br> Democratic: 45 %<br> Republican: 53 %"
"326",2000,"MAINE","ME",49,44,319951,286616,651817,"MAINE <br> Year: 2000 <br> Democratic: 49 %<br> Republican: 44 %"
"327",2000,"MARYLAND","MD",56,40,1144008,813827,2025212,"MARYLAND <br> Year: 2000 <br> Democratic: 56 %<br> Republican: 40 %"
"328",2000,"MASSACHUSETTS","MA",59,32,1616487,878502,2733964,"MASSACHUSETTS <br> Year: 2000 <br> Democratic: 59 %<br> Republican: 32 %"
"329",2000,"MICHIGAN","MI",51,46,2170418,1953139,4232501,"MICHIGAN <br> Year: 2000 <br> Democratic: 51 %<br> Republican: 46 %"
"330",2000,"MINNESOTA","MN",48,46,1168266,1109659,2438685,"MINNESOTA <br> Year: 2000 <br> Democratic: 48 %<br> Republican: 46 %"
"331",2000,"MISSISSIPPI","MS",41,58,404614,572844,994184,"MISSISSIPPI <br> Year: 2000 <br> Democratic: 41 %<br> Republican: 58 %"
"332",2000,"MISSOURI","MO",47,50,1111138,1189924,2359892,"MISSOURI <br> Year: 2000 <br> Democratic: 47 %<br> Republican: 50 %"
"333",2000,"MONTANA","MT",33,58,137126,240178,410986,"MONTANA <br> Year: 2000 <br> Democratic: 33 %<br> Republican: 58 %"
"334",2000,"NEBRASKA","NE",33,62,231780,433862,697019,"NEBRASKA <br> Year: 2000 <br> Democratic: 33 %<br> Republican: 62 %"
"335",2000,"NEVADA","NV",46,49,279978,301575,609426,"NEVADA <br> Year: 2000 <br> Democratic: 46 %<br> Republican: 49 %"
"336",2000,"NEW HAMPSHIRE","NH",47,48,266348,273559,569081,"NEW HAMPSHIRE <br> Year: 2000 <br> Democratic: 47 %<br> Republican: 48 %"
"337",2000,"NEW JERSEY","NJ",56,40,1788850,1284173,3187226,"NEW JERSEY <br> Year: 2000 <br> Democratic: 56 %<br> Republican: 40 %"
"338",2000,"NEW MEXICO","NM",48,48,286783,286417,598605,"NEW MEXICO <br> Year: 2000 <br> Democratic: 48 %<br> Republican: 48 %"
"339",2000,"NEW YORK","NY",57,32,3942215,2258577,6960215,"NEW YORK <br> Year: 2000 <br> Democratic: 57 %<br> Republican: 32 %"
"340",2000,"NORTH CAROLINA","NC",43,56,1257692,1631163,2914990,"NORTH CAROLINA <br> Year: 2000 <br> Democratic: 43 %<br> Republican: 56 %"
"341",2000,"NORTH DAKOTA","ND",33,61,95284,174852,288256,"NORTH DAKOTA <br> Year: 2000 <br> Democratic: 33 %<br> Republican: 61 %"
"342",2000,"OHIO","OH",46,50,2183628,2350363,4701998,"OHIO <br> Year: 2000 <br> Democratic: 46 %<br> Republican: 50 %"
"343",2000,"OKLAHOMA","OK",38,60,474276,744337,1234229,"OKLAHOMA <br> Year: 2000 <br> Democratic: 38 %<br> Republican: 60 %"
"344",2000,"OREGON","OR",47,47,720342,713577,1533950,"OREGON <br> Year: 2000 <br> Democratic: 47 %<br> Republican: 47 %"
"345",2000,"PENNSYLVANIA","PA",51,46,2485967,2281127,4912185,"PENNSYLVANIA <br> Year: 2000 <br> Democratic: 51 %<br> Republican: 46 %"
"346",2000,"RHODE ISLAND","RI",61,32,249508,130555,409112,"RHODE ISLAND <br> Year: 2000 <br> Democratic: 61 %<br> Republican: 32 %"
"347",2000,"SOUTH CAROLINA","SC",41,57,566037,786892,1383902,"SOUTH CAROLINA <br> Year: 2000 <br> Democratic: 41 %<br> Republican: 57 %"
"348",2000,"SOUTH DAKOTA","SD",38,60,118804,190700,316269,"SOUTH DAKOTA <br> Year: 2000 <br> Democratic: 38 %<br> Republican: 60 %"
"349",2000,"TENNESSEE","TN",47,51,981720,1061949,2076181,"TENNESSEE <br> Year: 2000 <br> Democratic: 47 %<br> Republican: 51 %"
"350",2000,"TEXAS","TX",38,59,2433746,3799639,6407637,"TEXAS <br> Year: 2000 <br> Democratic: 38 %<br> Republican: 59 %"
"351",2000,"UTAH","UT",26,67,203053,515096,770754,"UTAH <br> Year: 2000 <br> Democratic: 26 %<br> Republican: 67 %"
"352",2000,"VERMONT","VT",51,41,149022,119775,294308,"VERMONT <br> Year: 2000 <br> Democratic: 51 %<br> Republican: 41 %"
"353",2000,"VIRGINIA","VA",44,52,1217290,1437490,2739447,"VIRGINIA <br> Year: 2000 <br> Democratic: 44 %<br> Republican: 52 %"
"354",2000,"WASHINGTON","WA",50,45,1247652,1108864,2487433,"WASHINGTON <br> Year: 2000 <br> Democratic: 50 %<br> Republican: 45 %"
"355",2000,"WEST VIRGINIA","WV",46,52,295497,336475,648124,"WEST VIRGINIA <br> Year: 2000 <br> Democratic: 46 %<br> Republican: 52 %"
"356",2000,"WISCONSIN","WI",48,48,1242987,1237279,2598607,"WISCONSIN <br> Year: 2000 <br> Democratic: 48 %<br> Republican: 48 %"
"357",2000,"WYOMING","WY",28,69,60481,147947,213726,"WYOMING <br> Year: 2000 <br> Democratic: 28 %<br> Republican: 69 %"
"358",2004,"ALABAMA","AL",37,62,693933,1176394,1883415,"ALABAMA <br> Year: 2004 <br> Democratic: 37 %<br> Republican: 62 %"
"359",2004,"ALASKA","AK",36,61,111025,190889,312598,"ALASKA <br> Year: 2004 <br> Democratic: 36 %<br> Republican: 61 %"
"360",2004,"ARIZONA","AZ",44,55,893524,1104294,2012585,"ARIZONA <br> Year: 2004 <br> Democratic: 44 %<br> Republican: 55 %"
"361",2004,"ARKANSAS","AR",45,54,469953,572898,1054945,"ARKANSAS <br> Year: 2004 <br> Democratic: 45 %<br> Republican: 54 %"
"362",2004,"CALIFORNIA","CA",54,44,6745485,5509826,12421353,"CALIFORNIA <br> Year: 2004 <br> Democratic: 54 %<br> Republican: 44 %"
"363",2004,"COLORADO","CO",47,52,1001732,1101255,2129630,"COLORADO <br> Year: 2004 <br> Democratic: 47 %<br> Republican: 52 %"
"364",2004,"CONNECTICUT","CT",54,44,857488,693826,1578769,"CONNECTICUT <br> Year: 2004 <br> Democratic: 54 %<br> Republican: 44 %"
"365",2004,"DELAWARE","DE",53,46,200152,171660,375190,"DELAWARE <br> Year: 2004 <br> Democratic: 53 %<br> Republican: 46 %"
"366",2004,"DISTRICT OF COLUMBIA","DC",89,9,202970,21256,227586,"DISTRICT OF COLUMBIA <br> Year: 2004 <br> Democratic: 89 %<br> Republican: 9 %"
"367",2004,"FLORIDA","FL",47,52,3583544,3964522,7609810,"FLORIDA <br> Year: 2004 <br> Democratic: 47 %<br> Republican: 52 %"
"368",2004,"GEORGIA","GA",41,58,1366149,1914254,3301875,"GEORGIA <br> Year: 2004 <br> Democratic: 41 %<br> Republican: 58 %"
"369",2004,"HAWAII","HI",54,45,231708,194191,429013,"HAWAII <br> Year: 2004 <br> Democratic: 54 %<br> Republican: 45 %"
"370",2004,"IDAHO","ID",30,68,181098,409235,598376,"IDAHO <br> Year: 2004 <br> Democratic: 30 %<br> Republican: 68 %"
"371",2004,"ILLINOIS","IL",55,44,2891550,2345946,5274322,"ILLINOIS <br> Year: 2004 <br> Democratic: 55 %<br> Republican: 44 %"
"372",2004,"INDIANA","IN",39,60,969011,1479438,2468002,"INDIANA <br> Year: 2004 <br> Democratic: 39 %<br> Republican: 60 %"
"373",2004,"IOWA","IA",49,50,741898,751957,1506908,"IOWA <br> Year: 2004 <br> Democratic: 49 %<br> Republican: 50 %"
"374",2004,"KANSAS","KS",37,62,434993,736456,1187756,"KANSAS <br> Year: 2004 <br> Democratic: 37 %<br> Republican: 62 %"
"375",2004,"KENTUCKY","KY",40,60,712733,1069439,1795882,"KENTUCKY <br> Year: 2004 <br> Democratic: 40 %<br> Republican: 60 %"
"376",2004,"LOUISIANA","LA",42,57,820299,1102169,1943106,"LOUISIANA <br> Year: 2004 <br> Democratic: 42 %<br> Republican: 57 %"
"377",2004,"MAINE","ME",54,45,396842,330201,740752,"MAINE <br> Year: 2004 <br> Democratic: 54 %<br> Republican: 45 %"
"378",2004,"MARYLAND","MD",56,43,1334493,1024703,2384238,"MARYLAND <br> Year: 2004 <br> Democratic: 56 %<br> Republican: 43 %"
"379",2004,"MASSACHUSETTS","MA",62,37,1803800,1071109,2927455,"MASSACHUSETTS <br> Year: 2004 <br> Democratic: 62 %<br> Republican: 37 %"
"380",2004,"MICHIGAN","MI",51,48,2479183,2313746,4839252,"MICHIGAN <br> Year: 2004 <br> Democratic: 51 %<br> Republican: 48 %"
"381",2004,"MINNESOTA","MN",51,48,1445014,1346695,2828387,"MINNESOTA <br> Year: 2004 <br> Democratic: 51 %<br> Republican: 48 %"
"382",2004,"MISSISSIPPI","MS",40,59,457766,672660,1139824,"MISSISSIPPI <br> Year: 2004 <br> Democratic: 40 %<br> Republican: 59 %"
"383",2004,"MISSOURI","MO",46,53,1259171,1455713,2731364,"MISSOURI <br> Year: 2004 <br> Democratic: 46 %<br> Republican: 53 %"
"384",2004,"MONTANA","MT",39,59,173710,266063,450434,"MONTANA <br> Year: 2004 <br> Democratic: 39 %<br> Republican: 59 %"
"385",2004,"NEBRASKA","NE",33,66,254328,512814,778186,"NEBRASKA <br> Year: 2004 <br> Democratic: 33 %<br> Republican: 66 %"
"386",2004,"NEVADA","NV",48,50,397190,418690,829587,"NEVADA <br> Year: 2004 <br> Democratic: 48 %<br> Republican: 50 %"
"387",2004,"NEW HAMPSHIRE","NH",50,49,340511,331237,678287,"NEW HAMPSHIRE <br> Year: 2004 <br> Democratic: 50 %<br> Republican: 49 %"
"388",2004,"NEW JERSEY","NJ",53,46,1911430,1670003,3611691,"NEW JERSEY <br> Year: 2004 <br> Democratic: 53 %<br> Republican: 46 %"
"389",2004,"NEW MEXICO","NM",49,50,370942,376930,756304,"NEW MEXICO <br> Year: 2004 <br> Democratic: 49 %<br> Republican: 50 %"
"390",2004,"NEW YORK","NY",56,38,4180755,2806993,7448266,"NEW YORK <br> Year: 2004 <br> Democratic: 56 %<br> Republican: 38 %"
"391",2004,"NORTH CAROLINA","NC",44,56,1525849,1961166,3501007,"NORTH CAROLINA <br> Year: 2004 <br> Democratic: 44 %<br> Republican: 56 %"
"392",2004,"NORTH DAKOTA","ND",35,63,111052,196651,312833,"NORTH DAKOTA <br> Year: 2004 <br> Democratic: 35 %<br> Republican: 63 %"
"393",2004,"OHIO","OH",49,51,2741165,2859764,5627903,"OHIO <br> Year: 2004 <br> Democratic: 49 %<br> Republican: 51 %"
"394",2004,"OKLAHOMA","OK",34,66,503966,959792,1463758,"OKLAHOMA <br> Year: 2004 <br> Democratic: 34 %<br> Republican: 66 %"
"395",2004,"OREGON","OR",51,47,943163,866831,1836782,"OREGON <br> Year: 2004 <br> Democratic: 51 %<br> Republican: 47 %"
"396",2004,"PENNSYLVANIA","PA",51,48,2938095,2793847,5769590,"PENNSYLVANIA <br> Year: 2004 <br> Democratic: 51 %<br> Republican: 48 %"
"397",2004,"RHODE ISLAND","RI",59,39,259760,169046,437134,"RHODE ISLAND <br> Year: 2004 <br> Democratic: 59 %<br> Republican: 39 %"
"398",2004,"SOUTH CAROLINA","SC",41,58,661669,937974,1617700,"SOUTH CAROLINA <br> Year: 2004 <br> Democratic: 41 %<br> Republican: 58 %"
"399",2004,"SOUTH DAKOTA","SD",38,60,149244,232584,388215,"SOUTH DAKOTA <br> Year: 2004 <br> Democratic: 38 %<br> Republican: 60 %"
"400",2004,"TENNESSEE","TN",43,57,1036477,1384375,2437319,"TENNESSEE <br> Year: 2004 <br> Democratic: 43 %<br> Republican: 57 %"
"401",2004,"TEXAS","TX",38,61,2832704,4526917,7410749,"TEXAS <br> Year: 2004 <br> Democratic: 38 %<br> Republican: 61 %"
"402",2004,"UTAH","UT",26,72,241199,663742,927844,"UTAH <br> Year: 2004 <br> Democratic: 26 %<br> Republican: 72 %"
"403",2004,"VERMONT","VT",59,39,184067,121180,312309,"VERMONT <br> Year: 2004 <br> Democratic: 59 %<br> Republican: 39 %"
"404",2004,"VIRGINIA","VA",46,54,1454742,1716959,3195415,"VIRGINIA <br> Year: 2004 <br> Democratic: 46 %<br> Republican: 54 %"
"405",2004,"WASHINGTON","WA",53,46,1510201,1304894,2859084,"WASHINGTON <br> Year: 2004 <br> Democratic: 53 %<br> Republican: 46 %"
"406",2004,"WEST VIRGINIA","WV",43,56,326541,423778,755792,"WEST VIRGINIA <br> Year: 2004 <br> Democratic: 43 %<br> Republican: 56 %"
"407",2004,"WISCONSIN","WI",50,49,1489504,1478120,2997007,"WISCONSIN <br> Year: 2004 <br> Democratic: 50 %<br> Republican: 49 %"
"408",2004,"WYOMING","WY",29,69,70776,167629,243861,"WYOMING <br> Year: 2004 <br> Democratic: 29 %<br> Republican: 69 %"
"409",2008,"ALABAMA","AL",39,60,813479,1266546,2099819,"ALABAMA <br> Year: 2008 <br> Democratic: 39 %<br> Republican: 60 %"
"410",2008,"ALASKA","AK",38,59,123594,193841,326197,"ALASKA <br> Year: 2008 <br> Democratic: 38 %<br> Republican: 59 %"
"411",2008,"ARIZONA","AZ",45,54,1034707,1230111,2293475,"ARIZONA <br> Year: 2008 <br> Democratic: 45 %<br> Republican: 54 %"
"412",2008,"ARKANSAS","AR",39,59,422310,638017,1086617,"ARKANSAS <br> Year: 2008 <br> Democratic: 39 %<br> Republican: 59 %"
"413",2008,"CALIFORNIA","CA",61,37,8274473,5011781,13561900,"CALIFORNIA <br> Year: 2008 <br> Democratic: 61 %<br> Republican: 37 %"
"414",2008,"COLORADO","CO",54,45,1288576,1073589,2401361,"COLORADO <br> Year: 2008 <br> Democratic: 54 %<br> Republican: 45 %"
"415",2008,"CONNECTICUT","CT",61,38,997772,629428,1646792,"CONNECTICUT <br> Year: 2008 <br> Democratic: 61 %<br> Republican: 38 %"
"416",2008,"DELAWARE","DE",62,37,255459,152374,412412,"DELAWARE <br> Year: 2008 <br> Democratic: 62 %<br> Republican: 37 %"
"417",2008,"DISTRICT OF COLUMBIA","DC",92,7,245800,17367,265853,"DISTRICT OF COLUMBIA <br> Year: 2008 <br> Democratic: 92 %<br> Republican: 7 %"
"418",2008,"FLORIDA","FL",51,48,4282074,4045624,8390744,"FLORIDA <br> Year: 2008 <br> Democratic: 51 %<br> Republican: 48 %"
"419",2008,"GEORGIA","GA",47,52,1844123,2048759,3924486,"GEORGIA <br> Year: 2008 <br> Democratic: 47 %<br> Republican: 52 %"
"420",2008,"HAWAII","HI",71,26,325871,120566,456064,"HAWAII <br> Year: 2008 <br> Democratic: 71 %<br> Republican: 26 %"
"421",2008,"IDAHO","ID",36,62,236440,403012,655122,"IDAHO <br> Year: 2008 <br> Democratic: 36 %<br> Republican: 62 %"
"422",2008,"ILLINOIS","IL",62,37,3419348,2031179,5522371,"ILLINOIS <br> Year: 2008 <br> Democratic: 62 %<br> Republican: 37 %"
"423",2008,"INDIANA","IN",50,49,1374039,1345648,2751054,"INDIANA <br> Year: 2008 <br> Democratic: 50 %<br> Republican: 49 %"
"424",2008,"IOWA","IA",54,44,828940,682379,1537123,"IOWA <br> Year: 2008 <br> Democratic: 54 %<br> Republican: 44 %"
"425",2008,"KANSAS","KS",42,57,514765,699655,1235872,"KANSAS <br> Year: 2008 <br> Democratic: 42 %<br> Republican: 57 %"
"426",2008,"KENTUCKY","KY",41,57,751985,1048462,1826620,"KENTUCKY <br> Year: 2008 <br> Democratic: 41 %<br> Republican: 57 %"
"427",2008,"LOUISIANA","LA",40,59,782989,1148275,1960761,"LOUISIANA <br> Year: 2008 <br> Democratic: 40 %<br> Republican: 59 %"
"428",2008,"MAINE","ME",58,40,421923,295273,731163,"MAINE <br> Year: 2008 <br> Democratic: 58 %<br> Republican: 40 %"
"429",2008,"MARYLAND","MD",62,36,1629467,959862,2631596,"MARYLAND <br> Year: 2008 <br> Democratic: 62 %<br> Republican: 36 %"
"430",2008,"MASSACHUSETTS","MA",61,36,1904097,1108854,3102995,"MASSACHUSETTS <br> Year: 2008 <br> Democratic: 61 %<br> Republican: 36 %"
"431",2008,"MICHIGAN","MI",57,41,2872579,2048639,5001596,"MICHIGAN <br> Year: 2008 <br> Democratic: 57 %<br> Republican: 41 %"
"432",2008,"MINNESOTA","MN",54,44,1573354,1275409,2910369,"MINNESOTA <br> Year: 2008 <br> Democratic: 54 %<br> Republican: 44 %"
"433",2008,"MISSISSIPPI","MS",43,56,554662,724597,1289865,"MISSISSIPPI <br> Year: 2008 <br> Democratic: 43 %<br> Republican: 56 %"
"434",2008,"MISSOURI","MO",49,49,1441911,1445814,2925205,"MISSOURI <br> Year: 2008 <br> Democratic: 49 %<br> Republican: 49 %"
"435",2008,"MONTANA","MT",47,50,231667,242763,490109,"MONTANA <br> Year: 2008 <br> Democratic: 47 %<br> Republican: 50 %"
"436",2008,"NEBRASKA","NE",42,57,333319,452979,801281,"NEBRASKA <br> Year: 2008 <br> Democratic: 42 %<br> Republican: 57 %"
"437",2008,"NEVADA","NV",55,43,533736,412827,967848,"NEVADA <br> Year: 2008 <br> Democratic: 55 %<br> Republican: 43 %"
"438",2008,"NEW HAMPSHIRE","NH",54,45,384826,316534,710970,"NEW HAMPSHIRE <br> Year: 2008 <br> Democratic: 54 %<br> Republican: 45 %"
"439",2008,"NEW JERSEY","NJ",57,42,2215422,1613207,3868237,"NEW JERSEY <br> Year: 2008 <br> Democratic: 57 %<br> Republican: 42 %"
"440",2008,"NEW MEXICO","NM",57,42,472422,346832,830158,"NEW MEXICO <br> Year: 2008 <br> Democratic: 57 %<br> Republican: 42 %"
"441",2008,"NEW YORK","NY",60,31,4645332,2418323,7722019,"NEW YORK <br> Year: 2008 <br> Democratic: 60 %<br> Republican: 31 %"
"442",2008,"NORTH CAROLINA","NC",50,49,2142651,2128474,4310851,"NORTH CAROLINA <br> Year: 2008 <br> Democratic: 50 %<br> Republican: 49 %"
"443",2008,"NORTH DAKOTA","ND",45,53,141278,168601,316621,"NORTH DAKOTA <br> Year: 2008 <br> Democratic: 45 %<br> Republican: 53 %"
"444",2008,"OHIO","OH",52,47,2940044,2677820,5708350,"OHIO <br> Year: 2008 <br> Democratic: 52 %<br> Republican: 47 %"
"445",2008,"OKLAHOMA","OK",34,66,502496,960165,1462661,"OKLAHOMA <br> Year: 2008 <br> Democratic: 34 %<br> Republican: 66 %"
"446",2008,"OREGON","OR",57,40,1037291,738475,1827864,"OREGON <br> Year: 2008 <br> Democratic: 57 %<br> Republican: 40 %"
"447",2008,"PENNSYLVANIA","PA",54,44,3276363,2655885,6013272,"PENNSYLVANIA <br> Year: 2008 <br> Democratic: 54 %<br> Republican: 44 %"
"448",2008,"RHODE ISLAND","RI",63,35,296571,165391,471766,"RHODE ISLAND <br> Year: 2008 <br> Democratic: 63 %<br> Republican: 35 %"
"449",2008,"SOUTH CAROLINA","SC",45,54,862449,1034896,1920969,"SOUTH CAROLINA <br> Year: 2008 <br> Democratic: 45 %<br> Republican: 54 %"
"450",2008,"SOUTH DAKOTA","SD",45,53,170924,203054,381975,"SOUTH DAKOTA <br> Year: 2008 <br> Democratic: 45 %<br> Republican: 53 %"
"451",2008,"TENNESSEE","TN",42,57,1087437,1479178,2599749,"TENNESSEE <br> Year: 2008 <br> Democratic: 42 %<br> Republican: 57 %"
"452",2008,"TEXAS","TX",44,55,3528633,4479328,8077795,"TEXAS <br> Year: 2008 <br> Democratic: 44 %<br> Republican: 55 %"
"453",2008,"UTAH","UT",34,63,327670,596030,952370,"UTAH <br> Year: 2008 <br> Democratic: 34 %<br> Republican: 63 %"
"454",2008,"VERMONT","VT",67,30,219262,98974,325046,"VERMONT <br> Year: 2008 <br> Democratic: 67 %<br> Republican: 30 %"
"455",2008,"VIRGINIA","VA",53,46,1959532,1725005,3723260,"VIRGINIA <br> Year: 2008 <br> Democratic: 53 %<br> Republican: 46 %"
"456",2008,"WASHINGTON","WA",58,40,1750848,1229216,3036878,"WASHINGTON <br> Year: 2008 <br> Democratic: 58 %<br> Republican: 40 %"
"457",2008,"WEST VIRGINIA","WV",43,56,303857,397466,713451,"WEST VIRGINIA <br> Year: 2008 <br> Democratic: 43 %<br> Republican: 56 %"
"458",2008,"WISCONSIN","WI",56,42,1677211,1262393,2983417,"WISCONSIN <br> Year: 2008 <br> Democratic: 56 %<br> Republican: 42 %"
"459",2008,"WYOMING","WY",33,65,82868,164958,254904,"WYOMING <br> Year: 2008 <br> Democratic: 33 %<br> Republican: 65 %"
"460",2012,"ALABAMA","AL",38,61,795696,1255925,2074338,"ALABAMA <br> Year: 2012 <br> Democratic: 38 %<br> Republican: 61 %"
"461",2012,"ALASKA","AK",41,55,122640,164676,300495,"ALASKA <br> Year: 2012 <br> Democratic: 41 %<br> Republican: 55 %"
"462",2012,"ARIZONA","AZ",45,54,1025232,1233654,2299254,"ARIZONA <br> Year: 2012 <br> Democratic: 45 %<br> Republican: 54 %"
"463",2012,"ARKANSAS","AR",37,61,394409,647744,1069468,"ARKANSAS <br> Year: 2012 <br> Democratic: 37 %<br> Republican: 61 %"
"464",2012,"CALIFORNIA","CA",60,37,7854285,4839958,13038547,"CALIFORNIA <br> Year: 2012 <br> Democratic: 60 %<br> Republican: 37 %"
"465",2012,"COLORADO","CO",51,46,1323101,1185243,2569516,"COLORADO <br> Year: 2012 <br> Democratic: 51 %<br> Republican: 46 %"
"466",2012,"CONNECTICUT","CT",58,41,905083,634892,1558204,"CONNECTICUT <br> Year: 2012 <br> Democratic: 58 %<br> Republican: 41 %"
"467",2012,"DELAWARE","DE",59,40,242584,165484,413890,"DELAWARE <br> Year: 2012 <br> Democratic: 59 %<br> Republican: 40 %"
"468",2012,"DISTRICT OF COLUMBIA","DC",91,7,267070,21381,293764,"DISTRICT OF COLUMBIA <br> Year: 2012 <br> Democratic: 91 %<br> Republican: 7 %"
"469",2012,"FLORIDA","FL",50,49,4237756,4163447,8474179,"FLORIDA <br> Year: 2012 <br> Democratic: 50 %<br> Republican: 49 %"
"470",2012,"GEORGIA","GA",46,53,1773827,2078688,3897839,"GEORGIA <br> Year: 2012 <br> Democratic: 46 %<br> Republican: 53 %"
"471",2012,"HAWAII","HI",70,28,306658,121015,437159,"HAWAII <br> Year: 2012 <br> Democratic: 70 %<br> Republican: 28 %"
"472",2012,"IDAHO","ID",33,65,212787,420911,652274,"IDAHO <br> Year: 2012 <br> Democratic: 33 %<br> Republican: 65 %"
"473",2012,"ILLINOIS","IL",58,41,3019512,2135216,5242014,"ILLINOIS <br> Year: 2012 <br> Democratic: 58 %<br> Republican: 41 %"
"474",2012,"INDIANA","IN",44,54,1152887,1420543,2624534,"INDIANA <br> Year: 2012 <br> Democratic: 44 %<br> Republican: 54 %"
"475",2012,"IOWA","IA",52,46,822544,730617,1582180,"IOWA <br> Year: 2012 <br> Democratic: 52 %<br> Republican: 46 %"
"476",2012,"KANSAS","KS",38,60,440726,692634,1159971,"KANSAS <br> Year: 2012 <br> Democratic: 38 %<br> Republican: 60 %"
"477",2012,"KENTUCKY","KY",38,60,679370,1087190,1797212,"KENTUCKY <br> Year: 2012 <br> Democratic: 38 %<br> Republican: 60 %"
"478",2012,"LOUISIANA","LA",41,58,809141,1152262,1994065,"LOUISIANA <br> Year: 2012 <br> Democratic: 41 %<br> Republican: 58 %"
"479",2012,"MAINE","ME",55,40,401306,292276,724758,"MAINE <br> Year: 2012 <br> Democratic: 55 %<br> Republican: 40 %"
"480",2012,"MARYLAND","MD",62,36,1677844,971869,2707327,"MARYLAND <br> Year: 2012 <br> Democratic: 62 %<br> Republican: 36 %"
"481",2012,"MASSACHUSETTS","MA",60,37,1921290,1188314,3184196,"MASSACHUSETTS <br> Year: 2012 <br> Democratic: 60 %<br> Republican: 37 %"
"482",2012,"MICHIGAN","MI",54,45,2564569,2115256,4730961,"MICHIGAN <br> Year: 2012 <br> Democratic: 54 %<br> Republican: 45 %"
"483",2012,"MINNESOTA","MN",53,45,1546167,1320225,2936561,"MINNESOTA <br> Year: 2012 <br> Democratic: 53 %<br> Republican: 45 %"
"484",2012,"MISSISSIPPI","MS",44,55,562949,710746,1285584,"MISSISSIPPI <br> Year: 2012 <br> Democratic: 44 %<br> Republican: 55 %"
"485",2012,"MISSOURI","MO",44,54,1223796,1482440,2757323,"MISSOURI <br> Year: 2012 <br> Democratic: 44 %<br> Republican: 54 %"
"486",2012,"MONTANA","MT",42,55,201839,267928,484048,"MONTANA <br> Year: 2012 <br> Democratic: 42 %<br> Republican: 55 %"
"487",2012,"NEBRASKA","NE",38,60,302081,475064,794379,"NEBRASKA <br> Year: 2012 <br> Democratic: 38 %<br> Republican: 60 %"
"488",2012,"NEVADA","NV",52,46,531373,463567,1014918,"NEVADA <br> Year: 2012 <br> Democratic: 52 %<br> Republican: 46 %"
"489",2012,"NEW HAMPSHIRE","NH",52,46,369561,329918,710972,"NEW HAMPSHIRE <br> Year: 2012 <br> Democratic: 52 %<br> Republican: 46 %"
"490",2012,"NEW JERSEY","NJ",58,41,2122786,1478088,3638499,"NEW JERSEY <br> Year: 2012 <br> Democratic: 58 %<br> Republican: 41 %"
"491",2012,"NEW MEXICO","NM",53,43,415335,335788,783758,"NEW MEXICO <br> Year: 2012 <br> Democratic: 53 %<br> Republican: 43 %"
"492",2012,"NEW YORK","NY",61,31,4324228,2223397,7116784,"NEW YORK <br> Year: 2012 <br> Democratic: 61 %<br> Republican: 31 %"
"493",2012,"NORTH CAROLINA","NC",48,50,2178391,2270395,4505372,"NORTH CAROLINA <br> Year: 2012 <br> Democratic: 48 %<br> Republican: 50 %"
"494",2012,"NORTH DAKOTA","ND",39,58,124966,188320,322932,"NORTH DAKOTA <br> Year: 2012 <br> Democratic: 39 %<br> Republican: 58 %"
"495",2012,"OHIO","OH",51,48,2827621,2661407,5580822,"OHIO <br> Year: 2012 <br> Democratic: 51 %<br> Republican: 48 %"
"496",2012,"OKLAHOMA","OK",33,67,443547,891325,1334872,"OKLAHOMA <br> Year: 2012 <br> Democratic: 33 %<br> Republican: 67 %"
"497",2012,"OREGON","OR",54,42,970488,754175,1789270,"OREGON <br> Year: 2012 <br> Democratic: 54 %<br> Republican: 42 %"
"498",2012,"PENNSYLVANIA","PA",52,47,2990274,2680434,5742040,"PENNSYLVANIA <br> Year: 2012 <br> Democratic: 52 %<br> Republican: 47 %"
"499",2012,"RHODE ISLAND","RI",63,35,279677,157204,446049,"RHODE ISLAND <br> Year: 2012 <br> Democratic: 63 %<br> Republican: 35 %"
"500",2012,"SOUTH CAROLINA","SC",44,55,865941,1071645,1964118,"SOUTH CAROLINA <br> Year: 2012 <br> Democratic: 44 %<br> Republican: 55 %"
"501",2012,"SOUTH DAKOTA","SD",40,58,145039,210610,363815,"SOUTH DAKOTA <br> Year: 2012 <br> Democratic: 40 %<br> Republican: 58 %"
"502",2012,"TENNESSEE","TN",39,59,960709,1462330,2458577,"TENNESSEE <br> Year: 2012 <br> Democratic: 39 %<br> Republican: 59 %"
"503",2012,"TEXAS","TX",41,57,3308124,4569843,7993851,"TEXAS <br> Year: 2012 <br> Democratic: 41 %<br> Republican: 57 %"
"504",2012,"UTAH","UT",25,73,251813,740600,1017440,"UTAH <br> Year: 2012 <br> Democratic: 25 %<br> Republican: 73 %"
"505",2012,"VERMONT","VT",67,31,199239,92698,299290,"VERMONT <br> Year: 2012 <br> Democratic: 67 %<br> Republican: 31 %"
"506",2012,"VIRGINIA","VA",51,47,1971820,1822522,3854489,"VIRGINIA <br> Year: 2012 <br> Democratic: 51 %<br> Republican: 47 %"
"507",2012,"WASHINGTON","WA",56,41,1755396,1290670,3125516,"WASHINGTON <br> Year: 2012 <br> Democratic: 56 %<br> Republican: 41 %"
"508",2012,"WEST VIRGINIA","WV",36,62,238269,417655,670438,"WEST VIRGINIA <br> Year: 2012 <br> Democratic: 36 %<br> Republican: 62 %"
"509",2012,"WISCONSIN","WI",53,46,1620985,1410966,3071434,"WISCONSIN <br> Year: 2012 <br> Democratic: 53 %<br> Republican: 46 %"
"510",2012,"WYOMING","WY",28,68,69286,170962,250701,"WYOMING <br> Year: 2012 <br> Democratic: 28 %<br> Republican: 68 %"
"511",2016,"ALABAMA","AL",34,62,729547,1318255,2123372,"ALABAMA <br> Year: 2016 <br> Democratic: 34 %<br> Republican: 62 %"
"512",2016,"ALASKA","AK",37,51,116454,163387,318608,"ALASKA <br> Year: 2016 <br> Democratic: 37 %<br> Republican: 51 %"
"513",2016,"ARIZONA","AZ",45,49,1161167,1252401,2573165,"ARIZONA <br> Year: 2016 <br> Democratic: 45 %<br> Republican: 49 %"
"514",2016,"ARKANSAS","AR",34,61,380494,684872,1130635,"ARKANSAS <br> Year: 2016 <br> Democratic: 34 %<br> Republican: 61 %"
"515",2016,"CALIFORNIA","CA",62,32,8753788,4483810,14181595,"CALIFORNIA <br> Year: 2016 <br> Democratic: 62 %<br> Republican: 32 %"
"516",2016,"COLORADO","CO",48,43,1338870,1202484,2780220,"COLORADO <br> Year: 2016 <br> Democratic: 48 %<br> Republican: 43 %"
"517",2016,"CONNECTICUT","CT",55,41,897572,673215,1644920,"CONNECTICUT <br> Year: 2016 <br> Democratic: 55 %<br> Republican: 41 %"
"518",2016,"DELAWARE","DE",53,42,235603,185127,441590,"DELAWARE <br> Year: 2016 <br> Democratic: 53 %<br> Republican: 42 %"
"519",2016,"DISTRICT OF COLUMBIA","DC",90,4,282830,12723,312575,"DISTRICT OF COLUMBIA <br> Year: 2016 <br> Democratic: 90 %<br> Republican: 4 %"
"520",2016,"FLORIDA","FL",48,49,4504975,4617886,9420039,"FLORIDA <br> Year: 2016 <br> Democratic: 48 %<br> Republican: 49 %"
"521",2016,"GEORGIA","GA",46,51,1877963,2089104,4114732,"GEORGIA <br> Year: 2016 <br> Democratic: 46 %<br> Republican: 51 %"
"522",2016,"HAWAII","HI",61,29,266891,128847,437664,"HAWAII <br> Year: 2016 <br> Democratic: 61 %<br> Republican: 29 %"
"523",2016,"IDAHO","ID",27,59,189765,409055,690255,"IDAHO <br> Year: 2016 <br> Democratic: 27 %<br> Republican: 59 %"
"524",2016,"ILLINOIS","IL",56,39,3090729,2146015,5536424,"ILLINOIS <br> Year: 2016 <br> Democratic: 56 %<br> Republican: 39 %"
"525",2016,"INDIANA","IN",38,57,1033126,1557286,2734958,"INDIANA <br> Year: 2016 <br> Democratic: 38 %<br> Republican: 57 %"
"526",2016,"IOWA","IA",42,51,653669,800983,1565580,"IOWA <br> Year: 2016 <br> Democratic: 42 %<br> Republican: 51 %"
"527",2016,"KANSAS","KS",36,57,427005,671018,1184402,"KANSAS <br> Year: 2016 <br> Democratic: 36 %<br> Republican: 57 %"
"528",2016,"KENTUCKY","KY",33,63,628854,1202971,1924149,"KENTUCKY <br> Year: 2016 <br> Democratic: 33 %<br> Republican: 63 %"
"529",2016,"LOUISIANA","LA",38,58,780154,1178638,2029032,"LOUISIANA <br> Year: 2016 <br> Democratic: 38 %<br> Republican: 58 %"
"530",2016,"MAINE","ME",46,43,357735,335593,771892,"MAINE <br> Year: 2016 <br> Democratic: 46 %<br> Republican: 43 %"
"531",2016,"MARYLAND","MD",60,34,1677928,943169,2781446,"MARYLAND <br> Year: 2016 <br> Democratic: 60 %<br> Republican: 34 %"
"532",2016,"MASSACHUSETTS","MA",59,32,1995196,1090893,3378821,"MASSACHUSETTS <br> Year: 2016 <br> Democratic: 59 %<br> Republican: 32 %"
"533",2016,"MICHIGAN","MI",47,47,2268839,2279543,4799284,"MICHIGAN <br> Year: 2016 <br> Democratic: 47 %<br> Republican: 47 %"
"534",2016,"MINNESOTA","MN",46,45,1367705,1322949,2944782,"MINNESOTA <br> Year: 2016 <br> Democratic: 46 %<br> Republican: 45 %"
"535",2016,"MISSISSIPPI","MS",40,58,485131,700714,1209357,"MISSISSIPPI <br> Year: 2016 <br> Democratic: 40 %<br> Republican: 58 %"
"536",2016,"MISSOURI","MO",38,57,1071068,1594511,2808605,"MISSOURI <br> Year: 2016 <br> Democratic: 38 %<br> Republican: 57 %"
"537",2016,"MONTANA","MT",36,56,177709,279240,494526,"MONTANA <br> Year: 2016 <br> Democratic: 36 %<br> Republican: 56 %"
"538",2016,"NEBRASKA","NE",34,59,284494,495961,844227,"NEBRASKA <br> Year: 2016 <br> Democratic: 34 %<br> Republican: 59 %"
"539",2016,"NEVADA","NV",48,46,539260,512058,1125385,"NEVADA <br> Year: 2016 <br> Democratic: 48 %<br> Republican: 46 %"
"540",2016,"NEW HAMPSHIRE","NH",47,46,348526,345790,744296,"NEW HAMPSHIRE <br> Year: 2016 <br> Democratic: 47 %<br> Republican: 46 %"
"541",2016,"NEW JERSEY","NJ",55,41,2148278,1601933,3874046,"NEW JERSEY <br> Year: 2016 <br> Democratic: 55 %<br> Republican: 41 %"
"542",2016,"NEW MEXICO","NM",48,40,385234,319667,798319,"NEW MEXICO <br> Year: 2016 <br> Democratic: 48 %<br> Republican: 40 %"
"543",2016,"NEW YORK","NY",56,32,4379789,2527142,7802084,"NEW YORK <br> Year: 2016 <br> Democratic: 56 %<br> Republican: 32 %"
"544",2016,"NORTH CAROLINA","NC",46,50,2189316,2362631,4741564,"NORTH CAROLINA <br> Year: 2016 <br> Democratic: 46 %<br> Republican: 50 %"
"545",2016,"NORTH DAKOTA","ND",27,63,93758,216794,344360,"NORTH DAKOTA <br> Year: 2016 <br> Democratic: 27 %<br> Republican: 63 %"
"546",2016,"OHIO","OH",44,52,2394164,2841005,5496487,"OHIO <br> Year: 2016 <br> Democratic: 44 %<br> Republican: 52 %"
"547",2016,"OKLAHOMA","OK",29,65,420375,949136,1452992,"OKLAHOMA <br> Year: 2016 <br> Democratic: 29 %<br> Republican: 65 %"
"548",2016,"OREGON","OR",50,39,1002106,782403,2001336,"OREGON <br> Year: 2016 <br> Democratic: 50 %<br> Republican: 39 %"
"549",2016,"PENNSYLVANIA","PA",48,49,2926441,2970733,6115402,"PENNSYLVANIA <br> Year: 2016 <br> Democratic: 48 %<br> Republican: 49 %"
"550",2016,"RHODE ISLAND","RI",54,39,252525,180543,464144,"RHODE ISLAND <br> Year: 2016 <br> Democratic: 54 %<br> Republican: 39 %"
"551",2016,"SOUTH CAROLINA","SC",41,55,855373,1155389,2103027,"SOUTH CAROLINA <br> Year: 2016 <br> Democratic: 41 %<br> Republican: 55 %"
"552",2016,"SOUTH DAKOTA","SD",32,62,117458,227721,370093,"SOUTH DAKOTA <br> Year: 2016 <br> Democratic: 32 %<br> Republican: 62 %"
"553",2016,"TENNESSEE","TN",35,61,870695,1522925,2508027,"TENNESSEE <br> Year: 2016 <br> Democratic: 35 %<br> Republican: 61 %"
"554",2016,"TEXAS","TX",43,52,3877868,4685047,8969226,"TEXAS <br> Year: 2016 <br> Democratic: 43 %<br> Republican: 52 %"
"555",2016,"UTAH","UT",27,46,310674,515211,1131317,"UTAH <br> Year: 2016 <br> Democratic: 27 %<br> Republican: 46 %"
"556",2016,"VERMONT","VT",56,30,178573,95369,320467,"VERMONT <br> Year: 2016 <br> Democratic: 56 %<br> Republican: 30 %"
"557",2016,"VIRGINIA","VA",50,44,1981473,1769443,3982752,"VIRGINIA <br> Year: 2016 <br> Democratic: 50 %<br> Republican: 44 %"
"558",2016,"WASHINGTON","WA",53,37,1742718,1221747,3317019,"WASHINGTON <br> Year: 2016 <br> Democratic: 53 %<br> Republican: 37 %"
"559",2016,"WEST VIRGINIA","WV",26,69,188794,489371,713051,"WEST VIRGINIA <br> Year: 2016 <br> Democratic: 26 %<br> Republican: 69 %"
"560",2016,"WISCONSIN","WI",46,47,1382536,1405284,2976150,"WISCONSIN <br> Year: 2016 <br> Democratic: 46 %<br> Republican: 47 %"
"561",2016,"WYOMING","WY",22,67,55973,174419,258788,"WYOMING <br> Year: 2016 <br> Democratic: 22 %<br> Republican: 67 %"
"562",2020,"ALABAMA","AL",37,62,849624,1441170,2323282,"ALABAMA <br> Year: 2020 <br> Democratic: 37 %<br> Republican: 62 %"
"563",2020,"ALASKA","AK",43,53,153778,189951,359530,"ALASKA <br> Year: 2020 <br> Democratic: 43 %<br> Republican: 53 %"
"564",2020,"ARIZONA","AZ",49,49,1672143,1661686,3387326,"ARIZONA <br> Year: 2020 <br> Democratic: 49 %<br> Republican: 49 %"
"565",2020,"ARKANSAS","AR",35,62,423932,760647,1219069,"ARKANSAS <br> Year: 2020 <br> Democratic: 35 %<br> Republican: 62 %"
"566",2020,"CALIFORNIA","CA",63,34,11110250,6006429,17500881,"CALIFORNIA <br> Year: 2020 <br> Democratic: 63 %<br> Republican: 34 %"
"567",2020,"COLORADO","CO",55,42,1804352,1364607,3279980,"COLORADO <br> Year: 2020 <br> Democratic: 55 %<br> Republican: 42 %"
"568",2020,"CONNECTICUT","CT",59,39,1080831,714717,1823857,"CONNECTICUT <br> Year: 2020 <br> Democratic: 59 %<br> Republican: 39 %"
"569",2020,"DELAWARE","DE",59,40,296268,200603,504346,"DELAWARE <br> Year: 2020 <br> Democratic: 59 %<br> Republican: 40 %"
"570",2020,"DISTRICT OF COLUMBIA","DC",92,5,317323,18586,344356,"DISTRICT OF COLUMBIA <br> Year: 2020 <br> Democratic: 92 %<br> Republican: 5 %"
"571",2020,"FLORIDA","FL",48,51,5297045,5668731,11067456,"FLORIDA <br> Year: 2020 <br> Democratic: 48 %<br> Republican: 51 %"
"572",2020,"GEORGIA","GA",49,49,2473633,2461854,4999960,"GEORGIA <br> Year: 2020 <br> Democratic: 49 %<br> Republican: 49 %"
"573",2020,"HAWAII","HI",63,34,366130,196864,579784,"HAWAII <br> Year: 2020 <br> Democratic: 63 %<br> Republican: 34 %"
"574",2020,"IDAHO","ID",33,64,287021,554119,868014,"IDAHO <br> Year: 2020 <br> Democratic: 33 %<br> Republican: 64 %"
"575",2020,"ILLINOIS","IL",58,41,3471915,2446891,6033743,"ILLINOIS <br> Year: 2020 <br> Democratic: 58 %<br> Republican: 41 %"
"576",2020,"INDIANA","IN",41,57,1242416,1729519,3033118,"INDIANA <br> Year: 2020 <br> Democratic: 41 %<br> Republican: 57 %"
"577",2020,"IOWA","IA",45,53,759061,897672,1700130,"IOWA <br> Year: 2020 <br> Democratic: 45 %<br> Republican: 53 %"
"578",2020,"KANSAS","KS",42,56,570323,771406,1372303,"KANSAS <br> Year: 2020 <br> Democratic: 42 %<br> Republican: 56 %"
"579",2020,"KENTUCKY","KY",36,62,772474,1326646,2136768,"KENTUCKY <br> Year: 2020 <br> Democratic: 36 %<br> Republican: 62 %"
"580",2020,"LOUISIANA","LA",40,58,856034,1255776,2148062,"LOUISIANA <br> Year: 2020 <br> Democratic: 40 %<br> Republican: 58 %"
"581",2020,"MAINE","ME",53,44,435072,360737,828305,"MAINE <br> Year: 2020 <br> Democratic: 53 %<br> Republican: 44 %"
"582",2020,"MARYLAND","MD",65,32,1985023,976414,3037030,"MARYLAND <br> Year: 2020 <br> Democratic: 65 %<br> Republican: 32 %"
"583",2020,"MASSACHUSETTS","MA",65,32,2382202,1167202,3658005,"MASSACHUSETTS <br> Year: 2020 <br> Democratic: 65 %<br> Republican: 32 %"
"584",2020,"MICHIGAN","MI",51,48,2804040,2649852,5539302,"MICHIGAN <br> Year: 2020 <br> Democratic: 51 %<br> Republican: 48 %"
"585",2020,"MINNESOTA","MN",52,45,1717077,1484065,3277171,"MINNESOTA <br> Year: 2020 <br> Democratic: 52 %<br> Republican: 45 %"
"586",2020,"MISSISSIPPI","MS",41,58,539398,756764,1313759,"MISSISSIPPI <br> Year: 2020 <br> Democratic: 41 %<br> Republican: 58 %"
"587",2020,"MISSOURI","MO",41,57,1253014,1718736,3025962,"MISSOURI <br> Year: 2020 <br> Democratic: 41 %<br> Republican: 57 %"
"588",2020,"MONTANA","MT",41,57,244786,343602,603674,"MONTANA <br> Year: 2020 <br> Democratic: 41 %<br> Republican: 57 %"
"589",2020,"NEBRASKA","NE",39,58,374583,556846,956383,"NEBRASKA <br> Year: 2020 <br> Democratic: 39 %<br> Republican: 58 %"
"590",2020,"NEVADA","NV",50,48,703486,669890,1405376,"NEVADA <br> Year: 2020 <br> Democratic: 50 %<br> Republican: 48 %"
"591",2020,"NEW HAMPSHIRE","NH",53,45,424921,365654,806182,"NEW HAMPSHIRE <br> Year: 2020 <br> Democratic: 53 %<br> Republican: 45 %"
"592",2020,"NEW JERSEY","NJ",57,41,2608335,1883274,4549353,"NEW JERSEY <br> Year: 2020 <br> Democratic: 57 %<br> Republican: 41 %"
"593",2020,"NEW MEXICO","NM",54,43,501614,401894,923965,"NEW MEXICO <br> Year: 2020 <br> Democratic: 54 %<br> Republican: 43 %"
"594",2020,"NEW YORK","NY",60,37,5230985,3244798,8661735,"NEW YORK <br> Year: 2020 <br> Democratic: 60 %<br> Republican: 37 %"
"595",2020,"NORTH CAROLINA","NC",49,50,2684292,2758773,5524802,"NORTH CAROLINA <br> Year: 2020 <br> Democratic: 49 %<br> Republican: 50 %"
"596",2020,"NORTH DAKOTA","ND",32,65,114902,235595,361819,"NORTH DAKOTA <br> Year: 2020 <br> Democratic: 32 %<br> Republican: 65 %"
"597",2020,"OHIO","OH",45,53,2679165,3154834,5922202,"OHIO <br> Year: 2020 <br> Democratic: 45 %<br> Republican: 53 %"
"598",2020,"OKLAHOMA","OK",32,65,503890,1020280,1560699,"OKLAHOMA <br> Year: 2020 <br> Democratic: 32 %<br> Republican: 65 %"
"599",2020,"OREGON","OR",56,40,1340383,958448,2374321,"OREGON <br> Year: 2020 <br> Democratic: 56 %<br> Republican: 40 %"
"600",2020,"PENNSYLVANIA","PA",50,49,3458229,3377674,6915283,"PENNSYLVANIA <br> Year: 2020 <br> Democratic: 50 %<br> Republican: 49 %"
"601",2020,"RHODE ISLAND","RI",59,39,307486,199922,516990,"RHODE ISLAND <br> Year: 2020 <br> Democratic: 59 %<br> Republican: 39 %"
"602",2020,"SOUTH CAROLINA","SC",43,55,1091541,1385103,2514096,"SOUTH CAROLINA <br> Year: 2020 <br> Democratic: 43 %<br> Republican: 55 %"
"603",2020,"SOUTH DAKOTA","SD",36,62,150471,261043,422609,"SOUTH DAKOTA <br> Year: 2020 <br> Democratic: 36 %<br> Republican: 62 %"
"604",2020,"TENNESSEE","TN",37,61,1143711,1852475,3053851,"TENNESSEE <br> Year: 2020 <br> Democratic: 37 %<br> Republican: 61 %"
"605",2020,"TEXAS","TX",46,52,5259126,5890347,11315056,"TEXAS <br> Year: 2020 <br> Democratic: 46 %<br> Republican: 52 %"
"606",2020,"UTAH","UT",38,58,560282,865140,1488289,"UTAH <br> Year: 2020 <br> Democratic: 38 %<br> Republican: 58 %"
"607",2020,"VERMONT","VT",65,30,242820,112704,370968,"VERMONT <br> Year: 2020 <br> Democratic: 65 %<br> Republican: 30 %"
"608",2020,"VIRGINIA","VA",54,44,2413568,1962430,4460524,"VIRGINIA <br> Year: 2020 <br> Democratic: 54 %<br> Republican: 44 %"
"609",2020,"WASHINGTON","WA",58,39,2369612,1584651,4087631,"WASHINGTON <br> Year: 2020 <br> Democratic: 58 %<br> Republican: 39 %"
"610",2020,"WEST VIRGINIA","WV",30,69,235984,545382,794652,"WEST VIRGINIA <br> Year: 2020 <br> Democratic: 30 %<br> Republican: 69 %"
"611",2020,"WISCONSIN","WI",49,49,1630866,1610184,3298041,"WISCONSIN <br> Year: 2020 <br> Democratic: 49 %<br> Republican: 49 %"
"612",2020,"WYOMING","WY",26,69,73491,193559,278503,"WYOMING <br> Year: 2020 <br> Democratic: 26 %<br> Republican: 69 %"
